<?xml version = '1.0' encoding = 'UTF-8'?>
<Diagram class="oracle.dbtools.crest.swingui.logical.DPVLogical" name="Logical" id="E9C94427-8617-7A85-60E2-2A00A574F7ED">
<createdBy>lgutierrez</createdBy>
<modifiedBy>lgutierrez</modifiedBy>
<createdTime>2024-10-07 23:04:24 UTC</createdTime>
<autoRoute>false</autoRoute>
<boxInbox>true</boxInbox>
<showLegend>false</showLegend>
<showLabels>false</showLabels>
<showRelAttributes>false</showRelAttributes>
<gridEnabled>false</gridEnabled>
<showGrid>false</showGrid>
<diagramColor>-1</diagramColor>
<display>false</display>
<notation>1</notation>
<objectViews>
<OView class="oracle.dbtools.crest.swingui.logical.TVEntity" oid="0965F6B3-C355-E6A0-71F7-FF50E60C8527" otype="Entity" vid="A830C17D-DE7A-606D-4DD3-9CD5ED159921">
<hideElementsInCurrentOnly>false</hideElementsInCurrentOnly>
<bounds x="872" y="452" width="180" height="127"/>
</OView>
<OView class="oracle.dbtools.crest.swingui.logical.TVEntity" oid="16FBA4D1-8254-1DE5-1A81-38F0C726A3D2" otype="Entity" vid="1445DC16-2F40-6B01-9BF8-CEBB594D11C8">
<hideElementsInCurrentOnly>false</hideElementsInCurrentOnly>
<bounds x="351" y="557" width="165" height="152"/>
</OView>
<OView class="oracle.dbtools.crest.swingui.logical.TVEntity" oid="48BB579A-8147-84CB-21DA-0AB4CDC4EEAB" otype="Entity" vid="EE4841B6-6466-CA29-6625-B5A104732ADC">
<hideElementsInCurrentOnly>false</hideElementsInCurrentOnly>
<bounds x="625" y="21" width="171" height="140"/>
</OView>
<OView class="oracle.dbtools.crest.swingui.logical.TVEntity" oid="75D1F3AA-4A9F-5994-E250-8A7D05D7CDD4" otype="Entity" vid="CED08AE3-9B92-A848-BAAC-D5F75226391F">
<hideElementsInCurrentOnly>false</hideElementsInCurrentOnly>
<bounds x="633" y="377" width="173" height="121"/>
</OView>
<OView class="oracle.dbtools.crest.swingui.logical.TVEntity" oid="9C9177CE-C07A-3F8C-9D09-B5EEC2364291" otype="Entity" vid="4CEDAE86-43DE-2C30-2621-7C68D2A8C555">
<hideElementsInCurrentOnly>false</hideElementsInCurrentOnly>
<bounds x="623" y="226" width="173" height="125"/>
</OView>
<OView class="oracle.dbtools.crest.swingui.logical.TVEntity" oid="9DB835BE-0064-545E-24BC-1AF654D07546" otype="Entity" vid="1AAB97DF-6410-8AA2-4EA6-C7BB29793BD4">
<hideElementsInCurrentOnly>false</hideElementsInCurrentOnly>
<bounds x="624" y="557" width="172" height="138"/>
</OView>
<OView class="oracle.dbtools.crest.swingui.logical.TVEntity" oid="A0E49205-E2D0-59C3-D93C-7E08F30FB375" otype="Entity" vid="0D160F5B-9D0B-042A-4DBE-4C4631B69342">
<hideElementsInCurrentOnly>false</hideElementsInCurrentOnly>
<bounds x="324" y="186" width="207" height="191"/>
</OView>
<OView class="oracle.dbtools.crest.swingui.logical.TVEntity" oid="C33C3FCA-D574-3F79-1FEF-ADF45598AD42" otype="Entity" vid="6331B741-6044-63C4-E68A-2BC8CB9D124A">
<hideElementsInCurrentOnly>false</hideElementsInCurrentOnly>
<bounds x="347" y="439" width="168" height="85"/>
</OView>
<OView class="oracle.dbtools.crest.swingui.logical.TVEntity" oid="C459165A-2AF8-DBBC-9CDC-9E3C88D0FBAF" otype="Entity" vid="E1E5D23B-6027-C048-0BCE-CC914537E98A">
<hideElementsInCurrentOnly>false</hideElementsInCurrentOnly>
<bounds x="880" y="241" width="139" height="99"/>
</OView>
</objectViews>
<connectors>
<Connector class="oracle.dbtools.crest.swingui.logical.TVRelation" oid="183CB7A2-D30B-9040-35D4-E1C03BE2325F" otype="Relation" vid_source="4CEDAE86-43DE-2C30-2621-7C68D2A8C555" vid_target="E1E5D23B-6027-C048-0BCE-CC914537E98A">
<hideElementsInCurrentOnly>false</hideElementsInCurrentOnly>
<backgroundColor>-16777216</backgroundColor>
<lineWidth>1</lineWidth>
<points>
<point x="796" y="290"/>
<point x="880" y="290"/>
</points>
</Connector>
<Connector class="oracle.dbtools.crest.swingui.logical.TVRelation" oid="434FC706-2D12-18A5-9139-685AEDB8797F" otype="Relation" vid_source="0D160F5B-9D0B-042A-4DBE-4C4631B69342" vid_target="1AAB97DF-6410-8AA2-4EA6-C7BB29793BD4">
<hideElementsInCurrentOnly>false</hideElementsInCurrentOnly>
<backgroundColor>-16777216</backgroundColor>
<lineWidth>1</lineWidth>
<points>
<point x="505" y="377"/>
<point x="653" y="557"/>
</points>
</Connector>
<Connector class="oracle.dbtools.crest.swingui.logical.TVRelation" oid="54140E74-C252-0AFE-4ADA-D33FB4D6AB38" otype="Relation" vid_source="6331B741-6044-63C4-E68A-2BC8CB9D124A" vid_target="1445DC16-2F40-6B01-9BF8-CEBB594D11C8">
<hideElementsInCurrentOnly>false</hideElementsInCurrentOnly>
<backgroundColor>-16777216</backgroundColor>
<lineWidth>1</lineWidth>
<points>
<point x="433" y="524"/>
<point x="433" y="557"/>
</points>
</Connector>
<Connector class="oracle.dbtools.crest.swingui.logical.TVRelation" oid="54325519-F48D-2EC2-6AE1-85080B226F35" otype="Relation" vid_source="1AAB97DF-6410-8AA2-4EA6-C7BB29793BD4" vid_target="A830C17D-DE7A-606D-4DD3-9CD5ED159921">
<hideElementsInCurrentOnly>false</hideElementsInCurrentOnly>
<backgroundColor>-16777216</backgroundColor>
<lineWidth>1</lineWidth>
<points>
<point x="796" y="568"/>
<point x="872" y="568"/>
</points>
</Connector>
<Connector class="oracle.dbtools.crest.swingui.logical.TVRelation" oid="5FF1C7B7-8C9C-9F97-8090-905808EFC4D5" otype="Relation" vid_source="4CEDAE86-43DE-2C30-2621-7C68D2A8C555" vid_target="0D160F5B-9D0B-042A-4DBE-4C4631B69342">
<hideElementsInCurrentOnly>false</hideElementsInCurrentOnly>
<backgroundColor>-16777216</backgroundColor>
<lineWidth>1</lineWidth>
<points>
<point x="623" y="288"/>
<point x="531" y="288"/>
</points>
</Connector>
<Connector class="oracle.dbtools.crest.swingui.logical.TVRelation" oid="944DA3E9-B14A-DF6D-DF5E-519A67B1D249" otype="Relation" vid_source="CED08AE3-9B92-A848-BAAC-D5F75226391F" vid_target="0D160F5B-9D0B-042A-4DBE-4C4631B69342">
<hideElementsInCurrentOnly>false</hideElementsInCurrentOnly>
<backgroundColor>-16777216</backgroundColor>
<lineWidth>1</lineWidth>
<points>
<point x="633" y="377"/>
<point x="531" y="377"/>
</points>
</Connector>
<Connector class="oracle.dbtools.crest.swingui.logical.TVRelation" oid="9EBEE778-9E75-B946-A227-C7903EDDACA3" otype="Relation" vid_source="0D160F5B-9D0B-042A-4DBE-4C4631B69342" vid_target="EE4841B6-6466-CA29-6625-B5A104732ADC">
<hideElementsInCurrentOnly>false</hideElementsInCurrentOnly>
<backgroundColor>-16777216</backgroundColor>
<lineWidth>1</lineWidth>
<points>
<point x="494" y="232"/>
<point x="640" y="161"/>
</points>
</Connector>
<Connector class="oracle.dbtools.crest.swingui.logical.TVRelation" oid="AC4F4B43-1A94-70A9-8C54-AE751DBEC06F" otype="Relation" vid_source="E1E5D23B-6027-C048-0BCE-CC914537E98A" vid_target="A830C17D-DE7A-606D-4DD3-9CD5ED159921">
<hideElementsInCurrentOnly>false</hideElementsInCurrentOnly>
<backgroundColor>-16777216</backgroundColor>
<lineWidth>1</lineWidth>
<points>
<point x="964" y="340"/>
<point x="964" y="452"/>
</points>
</Connector>
<Connector class="oracle.dbtools.crest.swingui.logical.TVRelation" oid="ADF3A944-1235-EB89-0686-2E9ED39604AE" otype="Relation" vid_source="EE4841B6-6466-CA29-6625-B5A104732ADC" vid_target="E1E5D23B-6027-C048-0BCE-CC914537E98A">
<hideElementsInCurrentOnly>false</hideElementsInCurrentOnly>
<backgroundColor>-16777216</backgroundColor>
<lineWidth>1</lineWidth>
<points>
<point x="794" y="161"/>
<point x="890" y="241"/>
</points>
</Connector>
<Connector class="oracle.dbtools.crest.swingui.logical.TVRelation" oid="CE802C8D-BF19-818C-3E42-B9CCB2C90B60" otype="Relation" vid_source="6331B741-6044-63C4-E68A-2BC8CB9D124A" vid_target="0D160F5B-9D0B-042A-4DBE-4C4631B69342">
<hideElementsInCurrentOnly>false</hideElementsInCurrentOnly>
<backgroundColor>-16777216</backgroundColor>
<lineWidth>1</lineWidth>
<points>
<point x="431" y="439"/>
<point x="431" y="377"/>
</points>
</Connector>
<Connector class="oracle.dbtools.crest.swingui.logical.TVRelation" oid="E57C8360-97FA-07A4-0B7A-0BA0CB59A61D" otype="Relation" vid_source="CED08AE3-9B92-A848-BAAC-D5F75226391F" vid_target="A830C17D-DE7A-606D-4DD3-9CD5ED159921">
<hideElementsInCurrentOnly>false</hideElementsInCurrentOnly>
<backgroundColor>-16777216</backgroundColor>
<lineWidth>1</lineWidth>
<points>
<point x="806" y="475"/>
<point x="872" y="475"/>
</points>
</Connector>
</connectors>
</Diagram>