<?xml version = '1.0' encoding = 'UTF-8'?>
<FKIndexAssociation class="oracle.dbtools.crest.model.design.relational.FKIndexAssociation" directorySegmentName="seg_0" id="01D92413-3AE6-6616-E1CE-FA0D13AFCEC8" containerWithKeyObject="A95EA7AA-E197-2149-2CCE-63B18C80AEE0" localFKIndex="B1C17565-F4B1-E8BB-3E3C-270E2E74CB0C" name="Relation_14_ALUMNO_FK">
<createdBy>lgutierrez</createdBy>
<createdTime>2024-10-08 00:47:04 UTC</createdTime>
<generatorID>5FF1C7B7-8C9C-9F97-8090-905808EFC4D5</generatorID>
<ownerDesignName>academias</ownerDesignName>
<referredTableLongName>ALUMNO</referredTableLongName>
<deleteRule>NO ACTION</deleteRule>
<referredTableID>35D9714D-78E2-5F3B-1E60-36E719602EE2</referredTableID>
<keyObject>02A7FCD8-7F82-3B1B-4F9B-F5AF45C78149</keyObject>
<referredKeyID>02A7FCD8-7F82-3B1B-4F9B-F5AF45C78149</referredKeyID>
<mandatory>true</mandatory>
<refColNames>rut_alumno</refColNames>
<transferable>true</transferable>
<rely>false</rely>
<columnDependencyConstraintGenerateInDDL>true</columnDependencyConstraintGenerateInDDL>
</FKIndexAssociation>