<?xml version = '1.0' encoding = 'UTF-8'?>
<FKIndexAssociation class="oracle.dbtools.crest.model.design.relational.FKIndexAssociation" directorySegmentName="seg_0" id="1D6CA54C-DBFE-CB67-9A76-E3CA3DC203D1" containerWithKeyObject="75AE51C3-F324-891F-4C42-1C521C94DE12" localFKIndex="A1E420B1-55A5-579B-A468-79D5B44B345A" name="PROGRAMACION_PROFESOR_FK">
<createdBy>lgutierrez</createdBy>
<createdTime>2024-10-08 00:47:04 UTC</createdTime>
<generatorID>E57C8360-97FA-07A4-0B7A-0BA0CB59A61D</generatorID>
<ownerDesignName>academias</ownerDesignName>
<referredTableLongName>PROFESOR</referredTableLongName>
<deleteRule>NO ACTION</deleteRule>
<referredTableID>55928EAF-907B-78B9-91FA-56712378F944</referredTableID>
<keyObject>5B4CFC17-97AF-6162-21A7-FB1FE360B5CC</keyObject>
<referredKeyID>5B4CFC17-97AF-6162-21A7-FB1FE360B5CC</referredKeyID>
<mandatory>true</mandatory>
<refColNames>rut_profesor</refColNames>
<transferable>true</transferable>
<rely>false</rely>
<columnDependencyConstraintGenerateInDDL>true</columnDependencyConstraintGenerateInDDL>
</FKIndexAssociation>