<?xml version = '1.0' encoding = 'UTF-8'?>
<FKIndexAssociation class="oracle.dbtools.crest.model.design.relational.FKIndexAssociation" directorySegmentName="seg_0" id="5A69F835-56D9-987D-8560-E198F05A7662" containerWithKeyObject="490B6944-BDDF-A7A1-1786-5CD3DA14C54A" localFKIndex="BAF347E3-CBB6-CDD3-770C-25BDC0830948" name="SALA_ACADEMIA_FK">
<createdBy>lgutierrez</createdBy>
<createdTime>2024-10-08 00:47:04 UTC</createdTime>
<generatorID>434FC706-2D12-18A5-9139-685AEDB8797F</generatorID>
<ownerDesignName>academias</ownerDesignName>
<referredTableLongName>ACADEMIA</referredTableLongName>
<deleteRule>NO ACTION</deleteRule>
<referredTableID>FB2C16E6-E888-B5D6-9D48-B669BF47AB5A</referredTableID>
<keyObject>5A16DEB4-D182-04EB-1805-5A092BBB3E56</keyObject>
<referredKeyID>5A16DEB4-D182-04EB-1805-5A092BBB3E56</referredKeyID>
<mandatory>true</mandatory>
<refColNames>rut_academia</refColNames>
<transferable>true</transferable>
<rely>false</rely>
<columnDependencyConstraintGenerateInDDL>true</columnDependencyConstraintGenerateInDDL>
</FKIndexAssociation>