<?xml version = '1.0' encoding = 'UTF-8'?>
<FKIndexAssociation class="oracle.dbtools.crest.model.design.relational.FKIndexAssociation" directorySegmentName="seg_0" id="717484E9-830E-D4AA-BDDD-500C6E053618" containerWithKeyObject="FB2C16E6-E888-B5D6-9D48-B669BF47AB5A" localFKIndex="3A1DF88C-C438-BC67-0D1A-256FCBD86B75" name="ACADEMIA_DIRECCION_FK">
<createdBy>lgutierrez</createdBy>
<createdTime>2024-10-08 00:47:04 UTC</createdTime>
<generatorID>CE802C8D-BF19-818C-3E42-B9CCB2C90B60</generatorID>
<ownerDesignName>academias</ownerDesignName>
<referredTableLongName>DIRECCION</referredTableLongName>
<deleteRule>NO ACTION</deleteRule>
<referredTableID>3D163758-5D42-4F1C-B454-EF133E0C58B9</referredTableID>
<keyObject>3760F66B-11AC-F9C1-0868-5CDE3B55CDE8</keyObject>
<referredKeyID>3760F66B-11AC-F9C1-0868-5CDE3B55CDE8</referredKeyID>
<mandatory>true</mandatory>
<refColNames>DIRECCION_ID</refColNames>
<transferable>true</transferable>
<rely>false</rely>
<columnDependencyConstraintGenerateInDDL>true</columnDependencyConstraintGenerateInDDL>
</FKIndexAssociation>