<?xml version = '1.0' encoding = 'UTF-8'?>
<FKIndexAssociation class="oracle.dbtools.crest.model.design.relational.FKIndexAssociation" directorySegmentName="seg_0" id="B21A58E6-8585-FD89-B5A3-B4EEB2E09E77" containerWithKeyObject="75AE51C3-F324-891F-4C42-1C521C94DE12" localFKIndex="B3FA074C-A0DD-EFF7-51B3-4EAB0CAB6B61" name="PROGRAMACION_SECCION_FK">
<createdBy>lgutierrez</createdBy>
<createdTime>2024-10-08 00:47:04 UTC</createdTime>
<generatorID>AC4F4B43-1A94-70A9-8C54-AE751DBEC06F</generatorID>
<ownerDesignName>academias</ownerDesignName>
<referredTableLongName>SECCION</referredTableLongName>
<deleteRule>NO ACTION</deleteRule>
<referredTableID>B4D38466-B086-F8A4-6866-72ECC0297D66</referredTableID>
<keyObject>762BF3F7-144C-D90C-9CC4-2CBBDB0F6268</keyObject>
<referredKeyID>762BF3F7-144C-D90C-9CC4-2CBBDB0F6268</referredKeyID>
<mandatory>true</mandatory>
<refColNames>id_seccion</refColNames>
<transferable>true</transferable>
<rely>false</rely>
<columnDependencyConstraintGenerateInDDL>true</columnDependencyConstraintGenerateInDDL>
</FKIndexAssociation>