<?xml version = '1.0' encoding = 'UTF-8'?>
<FKIndexAssociation class="oracle.dbtools.crest.model.design.relational.FKIndexAssociation" directorySegmentName="seg_0" id="B4225476-D324-2265-6DEC-3ABE8B0C08C1" containerWithKeyObject="AAA4345F-53E2-8605-0A83-963D2EB074F9" localFKIndex="1E15B9A6-594C-A67F-3D85-BF57A7A4EBA0" name="Relation_11_SECCION_FK">
<createdBy>lgutierrez</createdBy>
<createdTime>2024-10-08 00:47:04 UTC</createdTime>
<generatorID>183CB7A2-D30B-9040-35D4-E1C03BE2325F</generatorID>
<ownerDesignName>academias</ownerDesignName>
<referredTableLongName>SECCION</referredTableLongName>
<deleteRule>NO ACTION</deleteRule>
<referredTableID>B4D38466-B086-F8A4-6866-72ECC0297D66</referredTableID>
<keyObject>762BF3F7-144C-D90C-9CC4-2CBBDB0F6268</keyObject>
<referredKeyID>762BF3F7-144C-D90C-9CC4-2CBBDB0F6268</referredKeyID>
<mandatory>true</mandatory>
<refColNames>id_seccion</refColNames>
<transferable>true</transferable>
<rely>false</rely>
<columnDependencyConstraintGenerateInDDL>true</columnDependencyConstraintGenerateInDDL>
</FKIndexAssociation>