<?xml version = '1.0' encoding = 'UTF-8'?>
<FKIndexAssociation class="oracle.dbtools.crest.model.design.relational.FKIndexAssociation" directorySegmentName="seg_0" id="BAE3E874-87B8-7A90-19B4-D826374C27E5" containerWithKeyObject="42B9BE86-456A-F041-42A3-531985524DA8" localFKIndex="66E8F2BE-A71D-B279-3863-08865278F4F1" name="Relation_10_ACADEMIA_FK">
<createdBy>lgutierrez</createdBy>
<createdTime>2024-10-08 00:47:04 UTC</createdTime>
<generatorID>944DA3E9-B14A-DF6D-DF5E-519A67B1D249</generatorID>
<ownerDesignName>academias</ownerDesignName>
<referredTableLongName>ACADEMIA</referredTableLongName>
<deleteRule>NO ACTION</deleteRule>
<referredTableID>FB2C16E6-E888-B5D6-9D48-B669BF47AB5A</referredTableID>
<keyObject>5A16DEB4-D182-04EB-1805-5A092BBB3E56</keyObject>
<referredKeyID>5A16DEB4-D182-04EB-1805-5A092BBB3E56</referredKeyID>
<mandatory>true</mandatory>
<refColNames>rut_academia</refColNames>
<transferable>true</transferable>
<rely>false</rely>
<columnDependencyConstraintGenerateInDDL>true</columnDependencyConstraintGenerateInDDL>
</FKIndexAssociation>