<?xml version = '1.0' encoding = 'UTF-8'?>
<FKIndexAssociation class="oracle.dbtools.crest.model.design.relational.FKIndexAssociation" directorySegmentName="seg_0" id="BD118917-9561-A536-F1C7-3495E2F5326F" containerWithKeyObject="CB7A6D4E-E87D-6F32-0932-011840363144" localFKIndex="8BB420D3-CE6A-C841-210B-6DE0A07D1A41" name="DIRECTOR_DIRECCION_FK">
<createdBy>lgutierrez</createdBy>
<createdTime>2024-10-08 00:47:04 UTC</createdTime>
<generatorID>54140E74-C252-0AFE-4ADA-D33FB4D6AB38</generatorID>
<ownerDesignName>academias</ownerDesignName>
<referredTableLongName>DIRECCION</referredTableLongName>
<deleteRule>NO ACTION</deleteRule>
<referredTableID>3D163758-5D42-4F1C-B454-EF133E0C58B9</referredTableID>
<keyObject>3760F66B-11AC-F9C1-0868-5CDE3B55CDE8</keyObject>
<referredKeyID>3760F66B-11AC-F9C1-0868-5CDE3B55CDE8</referredKeyID>
<mandatory>true</mandatory>
<refColNames>DIRECCION_ID</refColNames>
<transferable>true</transferable>
<rely>false</rely>
<columnDependencyConstraintGenerateInDDL>true</columnDependencyConstraintGenerateInDDL>
</FKIndexAssociation>