<?xml version = '1.0' encoding = 'UTF-8'?>
<FKIndexAssociation class="oracle.dbtools.crest.model.design.relational.FKIndexAssociation" directorySegmentName="seg_0" id="C0FBD53E-4C44-8256-1368-CDD3F3418123" containerWithKeyObject="42B9BE86-456A-F041-42A3-531985524DA8" localFKIndex="B1C16E48-2026-8057-7544-63ADFE203478" name="Relation_10_PROFESOR_FK">
<createdBy>lgutierrez</createdBy>
<createdTime>2024-10-08 00:47:04 UTC</createdTime>
<generatorID>944DA3E9-B14A-DF6D-DF5E-519A67B1D249</generatorID>
<ownerDesignName>academias</ownerDesignName>
<referredTableLongName>PROFESOR</referredTableLongName>
<deleteRule>NO ACTION</deleteRule>
<referredTableID>55928EAF-907B-78B9-91FA-56712378F944</referredTableID>
<keyObject>5B4CFC17-97AF-6162-21A7-FB1FE360B5CC</keyObject>
<referredKeyID>5B4CFC17-97AF-6162-21A7-FB1FE360B5CC</referredKeyID>
<mandatory>true</mandatory>
<refColNames>rut_profesor</refColNames>
<transferable>true</transferable>
<rely>false</rely>
<columnDependencyConstraintGenerateInDDL>true</columnDependencyConstraintGenerateInDDL>
</FKIndexAssociation>