<?xml version = '1.0' encoding = 'UTF-8'?>
<FKIndexAssociation class="oracle.dbtools.crest.model.design.relational.FKIndexAssociation" directorySegmentName="seg_0" id="C27AC560-79CF-DCAA-46FE-B279C552D7B2" containerWithKeyObject="A95EA7AA-E197-2149-2CCE-63B18C80AEE0" localFKIndex="56F7F7F4-EDD7-B8A9-61D0-C76E8B1D9C7C" name="Relation_14_ACADEMIA_FK">
<createdBy>lgutierrez</createdBy>
<createdTime>2024-10-08 00:47:04 UTC</createdTime>
<generatorID>5FF1C7B7-8C9C-9F97-8090-905808EFC4D5</generatorID>
<ownerDesignName>academias</ownerDesignName>
<referredTableLongName>ACADEMIA</referredTableLongName>
<deleteRule>NO ACTION</deleteRule>
<referredTableID>FB2C16E6-E888-B5D6-9D48-B669BF47AB5A</referredTableID>
<keyObject>5A16DEB4-D182-04EB-1805-5A092BBB3E56</keyObject>
<referredKeyID>5A16DEB4-D182-04EB-1805-5A092BBB3E56</referredKeyID>
<mandatory>true</mandatory>
<refColNames>rut_academia</refColNames>
<transferable>true</transferable>
<rely>false</rely>
<columnDependencyConstraintGenerateInDDL>true</columnDependencyConstraintGenerateInDDL>
</FKIndexAssociation>