<?xml version = '1.0' encoding = 'UTF-8'?>
<FKIndexAssociation class="oracle.dbtools.crest.model.design.relational.FKIndexAssociation" directorySegmentName="seg_0" id="D692D754-A7E8-E0C7-95E3-75066298FFCC" containerWithKeyObject="B4D38466-B086-F8A4-6866-72ECC0297D66" localFKIndex="6C6AF0F8-7A46-427F-81ED-D46774782453" name="SECCION_CURSO_FK">
<createdBy>lgutierrez</createdBy>
<createdTime>2024-10-08 00:47:04 UTC</createdTime>
<generatorID>ADF3A944-1235-EB89-0686-2E9ED39604AE</generatorID>
<ownerDesignName>academias</ownerDesignName>
<referredTableLongName>CURSO</referredTableLongName>
<deleteRule>NO ACTION</deleteRule>
<referredTableID>D354B1DC-AC6E-BF48-1911-A15F5B35F27D</referredTableID>
<keyObject>66E257DA-A759-F466-863A-068D6CFB0354</keyObject>
<referredKeyID>66E257DA-A759-F466-863A-068D6CFB0354</referredKeyID>
<mandatory>true</mandatory>
<refColNames>cod_curso,ACADEMIA_rut_academia</refColNames>
<transferable>true</transferable>
<rely>false</rely>
<columnDependencyConstraintGenerateInDDL>true</columnDependencyConstraintGenerateInDDL>
</FKIndexAssociation>