<?xml version = '1.0' encoding = 'UTF-8'?>
<FKIndexAssociation class="oracle.dbtools.crest.model.design.relational.FKIndexAssociation" directorySegmentName="seg_0" id="D972C25E-2C36-4B11-033D-4BB4E87CC241" containerWithKeyObject="AAA4345F-53E2-8605-0A83-963D2EB074F9" localFKIndex="1EC62E29-20FF-0043-EF38-C1F1EE943E50" name="Relation_11_ALUMNO_FK">
<createdBy>lgutierrez</createdBy>
<createdTime>2024-10-08 00:47:04 UTC</createdTime>
<generatorID>183CB7A2-D30B-9040-35D4-E1C03BE2325F</generatorID>
<ownerDesignName>academias</ownerDesignName>
<referredTableLongName>ALUMNO</referredTableLongName>
<deleteRule>NO ACTION</deleteRule>
<referredTableID>35D9714D-78E2-5F3B-1E60-36E719602EE2</referredTableID>
<keyObject>02A7FCD8-7F82-3B1B-4F9B-F5AF45C78149</keyObject>
<referredKeyID>02A7FCD8-7F82-3B1B-4F9B-F5AF45C78149</referredKeyID>
<mandatory>true</mandatory>
<refColNames>rut_alumno</refColNames>
<transferable>true</transferable>
<rely>false</rely>
<columnDependencyConstraintGenerateInDDL>true</columnDependencyConstraintGenerateInDDL>
</FKIndexAssociation>