<?xml version = '1.0' encoding = 'UTF-8'?>
<FKIndexAssociation class="oracle.dbtools.crest.model.design.relational.FKIndexAssociation" directorySegmentName="seg_0" id="EB0915D4-E3D5-BAD4-C24A-85605C0638E4" containerWithKeyObject="75AE51C3-F324-891F-4C42-1C521C94DE12" localFKIndex="60F3C790-978E-3045-A1D0-4FC17BE16B3B" name="PROGRAMACION_SALA_FK">
<createdBy>lgutierrez</createdBy>
<createdTime>2024-10-08 00:47:04 UTC</createdTime>
<generatorID>54325519-F48D-2EC2-6AE1-85080B226F35</generatorID>
<ownerDesignName>academias</ownerDesignName>
<referredTableLongName>SALA</referredTableLongName>
<deleteRule>NO ACTION</deleteRule>
<referredTableID>490B6944-BDDF-A7A1-1786-5CD3DA14C54A</referredTableID>
<keyObject>89D5A6FD-EA07-FDF1-247F-0126852418EF</keyObject>
<referredKeyID>89D5A6FD-EA07-FDF1-247F-0126852418EF</referredKeyID>
<mandatory>true</mandatory>
<refColNames>sala</refColNames>
<transferable>true</transferable>
<rely>false</rely>
<columnDependencyConstraintGenerateInDDL>true</columnDependencyConstraintGenerateInDDL>
</FKIndexAssociation>