<?xml version = '1.0' encoding = 'UTF-8'?>
<FKIndexAssociation class="oracle.dbtools.crest.model.design.relational.FKIndexAssociation" directorySegmentName="seg_0" id="EEDDCDA2-9405-8CBC-0838-15384ACFDF9F" containerWithKeyObject="D354B1DC-AC6E-BF48-1911-A15F5B35F27D" localFKIndex="FABCD580-769D-5E06-D23C-5237ED7C3278" name="CURSO_ACADEMIA_FK">
<createdBy>lgutierrez</createdBy>
<createdTime>2024-10-08 00:47:04 UTC</createdTime>
<generatorID>9EBEE778-9E75-B946-A227-C7903EDDACA3</generatorID>
<ownerDesignName>academias</ownerDesignName>
<referredTableLongName>ACADEMIA</referredTableLongName>
<deleteRule>NO ACTION</deleteRule>
<referredTableID>FB2C16E6-E888-B5D6-9D48-B669BF47AB5A</referredTableID>
<keyObject>5A16DEB4-D182-04EB-1805-5A092BBB3E56</keyObject>
<referredKeyID>5A16DEB4-D182-04EB-1805-5A092BBB3E56</referredKeyID>
<mandatory>true</mandatory>
<refColNames>rut_academia</refColNames>
<transferable>true</transferable>
<rely>false</rely>
<columnDependencyConstraintGenerateInDDL>true</columnDependencyConstraintGenerateInDDL>
</FKIndexAssociation>