<?xml version = '1.0' encoding = 'UTF-8'?>
<Relation class="oracle.dbtools.crest.model.design.logical.Relation" name="INSCRIPCION" directorySegmentName="seg_0" id="183CB7A2-D30B-9040-35D4-E1C03BE2325F">
<createdBy>lgutierrez</createdBy>
<createdTime>2024-10-08 00:38:53 UTC</createdTime>
<ownerDesignName>academias</ownerDesignName>
<engineerTo>
<item key="DABDFF08-CCAA-5E31-3DBD-C3940DE1182C" value="true"/>
</engineerTo>
<identifying>false</identifying>
<optionalSource>true</optionalSource>
<optionalTarget>false</optionalTarget>
<sourceCardinality>*</sourceCardinality>
<sourceEntity>9C9177CE-C07A-3F8C-9D09-B5EEC2364291</sourceEntity>
<targetCardinalityString>*</targetCardinalityString>
<targetEntity>C459165A-2AF8-DBBC-9CDC-9E3C88D0FBAF</targetEntity>
<transferable>true</transferable>
<deleteRule>NO ACTION</deleteRule>
</Relation>