<?xml version = '1.0' encoding = 'UTF-8'?>
<Relation class="oracle.dbtools.crest.model.design.logical.Relation" name="Relation_15" directorySegmentName="seg_0" id="434FC706-2D12-18A5-9139-685AEDB8797F">
<createdBy>lgutierrez</createdBy>
<createdTime>2024-10-08 00:42:06 UTC</createdTime>
<ownerDesignName>academias</ownerDesignName>
<engineerTo>
<item key="DABDFF08-CCAA-5E31-3DBD-C3940DE1182C" value="true"/>
</engineerTo>
<sourcePk>BB45C3B0-B842-DE6F-7811-0C60477BB76E</sourcePk>
<identifying>false</identifying>
<optionalSource>false</optionalSource>
<optionalTarget>false</optionalTarget>
<sourceCardinality>1</sourceCardinality>
<sourceEntity>A0E49205-E2D0-59C3-D93C-7E08F30FB375</sourceEntity>
<targetCardinalityString>*</targetCardinalityString>
<targetEntity>9DB835BE-0064-545E-24BC-1AF654D07546</targetEntity>
<transferable>true</transferable>
<deleteRule>NO ACTION</deleteRule>
</Relation>