<?xml version = '1.0' encoding = 'UTF-8'?>
<Relation class="oracle.dbtools.crest.model.design.logical.Relation" name="Relation_12" directorySegmentName="seg_0" id="54140E74-C252-0AFE-4ADA-D33FB4D6AB38">
<createdBy>lgutierrez</createdBy>
<createdTime>2024-10-08 00:40:24 UTC</createdTime>
<ownerDesignName>academias</ownerDesignName>
<engineerTo>
<item key="DABDFF08-CCAA-5E31-3DBD-C3940DE1182C" value="true"/>
</engineerTo>
<identifying>false</identifying>
<optionalSource>false</optionalSource>
<optionalTarget>false</optionalTarget>
<sourceCardinality>1</sourceCardinality>
<sourceEntity>C33C3FCA-D574-3F79-1FEF-ADF45598AD42</sourceEntity>
<targetCardinalityString>*</targetCardinalityString>
<targetEntity>16FBA4D1-8254-1DE5-1A81-38F0C726A3D2</targetEntity>
<transferable>true</transferable>
<deleteRule>NO ACTION</deleteRule>
</Relation>