<?xml version = '1.0' encoding = 'UTF-8'?>
<Relation class="oracle.dbtools.crest.model.design.logical.Relation" name="Relation_16" directorySegmentName="seg_0" id="54325519-F48D-2EC2-6AE1-85080B226F35">
<createdBy>lgutierrez</createdBy>
<createdTime>2024-10-08 00:42:43 UTC</createdTime>
<ownerDesignName>academias</ownerDesignName>
<engineerTo>
<item key="DABDFF08-CCAA-5E31-3DBD-C3940DE1182C" value="true"/>
</engineerTo>
<sourcePk>D15CABE1-EC41-46E4-C0F4-F395537FA62F</sourcePk>
<identifying>false</identifying>
<optionalSource>true</optionalSource>
<optionalTarget>false</optionalTarget>
<sourceCardinality>1</sourceCardinality>
<sourceEntity>9DB835BE-0064-545E-24BC-1AF654D07546</sourceEntity>
<targetCardinalityString>*</targetCardinalityString>
<targetEntity>0965F6B3-C355-E6A0-71F7-FF50E60C8527</targetEntity>
<transferable>true</transferable>
<deleteRule>NO ACTION</deleteRule>
</Relation>