<?xml version = '1.0' encoding = 'UTF-8'?>
<Relation class="oracle.dbtools.crest.model.design.logical.Relation" name="MATRICULA" directorySegmentName="seg_0" id="5FF1C7B7-8C9C-9F97-8090-905808EFC4D5">
<createdBy>lgutierrez</createdBy>
<createdTime>2024-10-08 00:41:05 UTC</createdTime>
<ownerDesignName>academias</ownerDesignName>
<engineerTo>
<item key="DABDFF08-CCAA-5E31-3DBD-C3940DE1182C" value="true"/>
</engineerTo>
<identifying>false</identifying>
<optionalSource>true</optionalSource>
<optionalTarget>false</optionalTarget>
<sourceCardinality>*</sourceCardinality>
<sourceEntity>9C9177CE-C07A-3F8C-9D09-B5EEC2364291</sourceEntity>
<targetCardinalityString>*</targetCardinalityString>
<targetEntity>A0E49205-E2D0-59C3-D93C-7E08F30FB375</targetEntity>
<transferable>true</transferable>
<deleteRule>NO ACTION</deleteRule>
</Relation>