<?xml version = '1.0' encoding = 'UTF-8'?>
<Relation class="oracle.dbtools.crest.model.design.logical.Relation" name="CONTRATACION_DOCENTE" directorySegmentName="seg_0" id="944DA3E9-B14A-DF6D-DF5E-519A67B1D249">
<createdBy>lgutierrez</createdBy>
<createdTime>2024-10-08 00:37:47 UTC</createdTime>
<ownerDesignName>academias</ownerDesignName>
<engineerTo>
<item key="DABDFF08-CCAA-5E31-3DBD-C3940DE1182C" value="true"/>
</engineerTo>
<identifying>false</identifying>
<optionalSource>true</optionalSource>
<optionalTarget>false</optionalTarget>
<sourceCardinality>*</sourceCardinality>
<sourceEntity>75D1F3AA-4A9F-5994-E250-8A7D05D7CDD4</sourceEntity>
<targetCardinalityString>*</targetCardinalityString>
<targetEntity>A0E49205-E2D0-59C3-D93C-7E08F30FB375</targetEntity>
<transferable>true</transferable>
<deleteRule>NO ACTION</deleteRule>
<attributes itemClass="oracle.dbtools.crest.model.design.logical.Attribute">
<attribute name="categoria" id="C0E1A1AA-601B-AA1E-A7CA-CDFBD79776C3">
<createdBy>lgutierrez</createdBy>
<createdTime>2024-10-08 01:00:50 UTC</createdTime>
<ownerDesignName>academias</ownerDesignName>
<engineerTo>
<item key="DABDFF08-CCAA-5E31-3DBD-C3940DE1182C" value="true"/>
</engineerTo>
<useDomainConstraints>false</useDomainConstraints>
<use>1</use>
<logicalDatatype>LOGDT024</logicalDatatype>
<dataTypeSize>20 BYTE</dataTypeSize>
<ownDataTypeParameters>20 BYTE,,</ownDataTypeParameters>
</attribute>
</attributes>
</Relation>