<?xml version = '1.0' encoding = 'UTF-8'?>
<Relation class="oracle.dbtools.crest.model.design.logical.Relation" name="Relation_7" directorySegmentName="seg_0" id="9EBEE778-9E75-B946-A227-C7903EDDACA3">
<createdBy>lgutierrez</createdBy>
<createdTime>2024-10-08 00:27:43 UTC</createdTime>
<ownerDesignName>academias</ownerDesignName>
<engineerTo>
<item key="DABDFF08-CCAA-5E31-3DBD-C3940DE1182C" value="true"/>
</engineerTo>
<sourcePk>BB45C3B0-B842-DE6F-7811-0C60477BB76E</sourcePk>
<identifying>true</identifying>
<optionalSource>false</optionalSource>
<optionalTarget>false</optionalTarget>
<sourceCardinality>1</sourceCardinality>
<sourceEntity>A0E49205-E2D0-59C3-D93C-7E08F30FB375</sourceEntity>
<targetCardinalityString>*</targetCardinalityString>
<targetEntity>48BB579A-8147-84CB-21DA-0AB4CDC4EEAB</targetEntity>
<transferable>true</transferable>
<deleteRule>NO ACTION</deleteRule>
</Relation>