<?xml version = '1.0' encoding = 'UTF-8'?>
<Relation class="oracle.dbtools.crest.model.design.logical.Relation" name="Relation_4" directorySegmentName="seg_0" id="AC4F4B43-1A94-70A9-8C54-AE751DBEC06F">
<createdBy>lgutierrez</createdBy>
<createdTime>2024-10-08 00:26:19 UTC</createdTime>
<ownerDesignName>academias</ownerDesignName>
<engineerTo>
<item key="DABDFF08-CCAA-5E31-3DBD-C3940DE1182C" value="true"/>
</engineerTo>
<sourcePk>420181BE-04F1-D32C-89F3-3567A37D8471</sourcePk>
<identifying>false</identifying>
<optionalSource>false</optionalSource>
<optionalTarget>false</optionalTarget>
<sourceCardinality>1</sourceCardinality>
<sourceEntity>C459165A-2AF8-DBBC-9CDC-9E3C88D0FBAF</sourceEntity>
<targetCardinalityString>*</targetCardinalityString>
<targetEntity>0965F6B3-C355-E6A0-71F7-FF50E60C8527</targetEntity>
<transferable>true</transferable>
<deleteRule>NO ACTION</deleteRule>
</Relation>