<?xml version = '1.0' encoding = 'UTF-8'?>
<Relation class="oracle.dbtools.crest.model.design.logical.Relation" name="Relation_5" directorySegmentName="seg_0" id="ADF3A944-1235-EB89-0686-2E9ED39604AE">
<createdBy>lgutierrez</createdBy>
<createdTime>2024-10-08 00:26:49 UTC</createdTime>
<ownerDesignName>academias</ownerDesignName>
<engineerTo>
<item key="DABDFF08-CCAA-5E31-3DBD-C3940DE1182C" value="true"/>
</engineerTo>
<sourcePk>A08C63BF-6EE6-AC8C-D25B-EDED0B052A2D</sourcePk>
<identifying>false</identifying>
<optionalSource>true</optionalSource>
<optionalTarget>false</optionalTarget>
<sourceCardinality>1</sourceCardinality>
<sourceEntity>48BB579A-8147-84CB-21DA-0AB4CDC4EEAB</sourceEntity>
<targetCardinalityString>*</targetCardinalityString>
<targetEntity>C459165A-2AF8-DBBC-9CDC-9E3C88D0FBAF</targetEntity>
<transferable>true</transferable>
<deleteRule>NO ACTION</deleteRule>
</Relation>