<?xml version = '1.0' encoding = 'UTF-8'?>
<Relation class="oracle.dbtools.crest.model.design.logical.Relation" name="Relation_13" directorySegmentName="seg_0" id="CE802C8D-BF19-818C-3E42-B9CCB2C90B60">
<createdBy>lgutierrez</createdBy>
<createdTime>2024-10-08 00:40:43 UTC</createdTime>
<ownerDesignName>academias</ownerDesignName>
<engineerTo>
<item key="DABDFF08-CCAA-5E31-3DBD-C3940DE1182C" value="true"/>
</engineerTo>
<identifying>false</identifying>
<optionalSource>false</optionalSource>
<optionalTarget>false</optionalTarget>
<sourceCardinality>1</sourceCardinality>
<sourceEntity>C33C3FCA-D574-3F79-1FEF-ADF45598AD42</sourceEntity>
<targetCardinalityString>*</targetCardinalityString>
<targetEntity>A0E49205-E2D0-59C3-D93C-7E08F30FB375</targetEntity>
<transferable>true</transferable>
<deleteRule>NO ACTION</deleteRule>
</Relation>