<?xml version = '1.0' encoding = 'UTF-8'?>
<Relation class="oracle.dbtools.crest.model.design.logical.Relation" name="Relation_1" directorySegmentName="seg_0" id="E57C8360-97FA-07A4-0B7A-0BA0CB59A61D">
<createdBy>lgutierrez</createdBy>
<createdTime>2024-10-08 00:24:43 UTC</createdTime>
<ownerDesignName>academias</ownerDesignName>
<engineerTo>
<item key="DABDFF08-CCAA-5E31-3DBD-C3940DE1182C" value="true"/>
</engineerTo>
<sourcePk>CF88EC0F-13E0-740D-8F2B-448137680A44</sourcePk>
<identifying>false</identifying>
<optionalSource>true</optionalSource>
<optionalTarget>false</optionalTarget>
<sourceCardinality>1</sourceCardinality>
<sourceEntity>75D1F3AA-4A9F-5994-E250-8A7D05D7CDD4</sourceEntity>
<targetCardinalityString>*</targetCardinalityString>
<targetEntity>0965F6B3-C355-E6A0-71F7-FF50E60C8527</targetEntity>
<transferable>true</transferable>
<deleteRule>NO ACTION</deleteRule>
</Relation>