<?xml version = '1.0' encoding = 'UTF-8'?>
<Diagram class="oracle.dbtools.crest.swingui.relational.DPVRelational" name="Relational_1" id="71397469-B225-152D-5EFB-D9A9AF821F16">
<createdBy>lgutierrez</createdBy>
<modifiedBy>lgutierrez</modifiedBy>
<createdTime>2024-10-08 00:47:04 UTC</createdTime>
<autoRoute>false</autoRoute>
<boxInbox>true</boxInbox>
<showLegend>false</showLegend>
<showLabels>false</showLabels>
<showRelAttributes>false</showRelAttributes>
<gridEnabled>false</gridEnabled>
<showGrid>false</showGrid>
<diagramColor>-1</diagramColor>
<display>false</display>
<notation>1</notation>
<objectViews>
<OView class="oracle.dbtools.crest.swingui.relational.TVTable" oid="35D9714D-78E2-5F3B-1E60-36E719602EE2" otype="Table" vid="52A96392-9597-76B4-03F1-3BC16285FFF4">
<hideElementsInCurrentOnly>false</hideElementsInCurrentOnly>
<bounds x="710" y="227" width="173" height="125"/>
</OView>
<OView class="oracle.dbtools.crest.swingui.relational.TVTable" oid="3D163758-5D42-4F1C-B454-EF133E0C58B9" otype="Table" vid="93B58701-83FC-6916-248A-D8ADDAC5F7E8">
<hideElementsInCurrentOnly>false</hideElementsInCurrentOnly>
<bounds x="21" y="46" width="170" height="105"/>
</OView>
<OView class="oracle.dbtools.crest.swingui.relational.TVTable" oid="42B9BE86-456A-F041-42A3-531985524DA8" otype="Table" vid="30AACA10-5ACD-FB77-A99C-FEAB0105DFE4">
<hideElementsInCurrentOnly>false</hideElementsInCurrentOnly>
<bounds x="403" y="394" width="259" height="110"/>
</OView>
<OView class="oracle.dbtools.crest.swingui.relational.TVTable" oid="490B6944-BDDF-A7A1-1786-5CD3DA14C54A" otype="Table" vid="8B628F62-D5CB-EC6A-575F-711DA3B15E62">
<hideElementsInCurrentOnly>false</hideElementsInCurrentOnly>
<bounds x="351" y="564" width="172" height="138"/>
</OView>
<OView class="oracle.dbtools.crest.swingui.relational.TVTable" oid="55928EAF-907B-78B9-91FA-56712378F944" otype="Table" vid="9AE68D68-FE24-DFBE-30AD-DC643CC3B6C9">
<hideElementsInCurrentOnly>false</hideElementsInCurrentOnly>
<bounds x="739" y="385" width="173" height="121"/>
</OView>
<OView class="oracle.dbtools.crest.swingui.relational.TVTable" oid="75AE51C3-F324-891F-4C42-1C521C94DE12" otype="Table" vid="9E7010A8-4753-5AA7-EB7B-B032195AE4EB">
<hideElementsInCurrentOnly>false</hideElementsInCurrentOnly>
<bounds x="1077" y="481" width="180" height="127"/>
</OView>
<OView class="oracle.dbtools.crest.swingui.relational.TVTable" oid="A95EA7AA-E197-2149-2CCE-63B18C80AEE0" otype="Table" vid="1C3DDFC9-8E73-F900-2B97-8B16BD2BA0E3">
<hideElementsInCurrentOnly>false</hideElementsInCurrentOnly>
<bounds x="424" y="241" width="216" height="120"/>
</OView>
<OView class="oracle.dbtools.crest.swingui.relational.TVTable" oid="AAA4345F-53E2-8605-0A83-963D2EB074F9" otype="Table" vid="F9E42111-4F77-2012-781F-6A98B12E1C6B">
<hideElementsInCurrentOnly>false</hideElementsInCurrentOnly>
<bounds x="928" y="239" width="170" height="110"/>
</OView>
<OView class="oracle.dbtools.crest.swingui.relational.TVTable" oid="B4D38466-B086-F8A4-6866-72ECC0297D66" otype="Table" vid="5BA5A6B2-C046-DC0A-AFC5-B1337199EE86">
<hideElementsInCurrentOnly>false</hideElementsInCurrentOnly>
<bounds x="991" y="31" width="277" height="143"/>
</OView>
<OView class="oracle.dbtools.crest.swingui.relational.TVTable" oid="CB7A6D4E-E87D-6F32-0932-011840363144" otype="Table" vid="71128920-FA86-A4DE-19C6-3B6BBD57DC91">
<hideElementsInCurrentOnly>false</hideElementsInCurrentOnly>
<bounds x="238" y="9" width="304" height="152"/>
</OView>
<OView class="oracle.dbtools.crest.swingui.relational.TVTable" oid="D354B1DC-AC6E-BF48-1911-A15F5B35F27D" otype="Table" vid="C45B9C4C-F734-A5A4-B038-FBA1AA39CC30">
<hideElementsInCurrentOnly>false</hideElementsInCurrentOnly>
<bounds x="591" y="16" width="316" height="140"/>
</OView>
<OView class="oracle.dbtools.crest.swingui.relational.TVTable" oid="FB2C16E6-E888-B5D6-9D48-B669BF47AB5A" otype="Table" vid="7629B562-7280-F301-F72F-1FBF201653BA">
<hideElementsInCurrentOnly>false</hideElementsInCurrentOnly>
<bounds x="100" y="192" width="207" height="260"/>
</OView>
</objectViews>
<connectors>
<Connector class="oracle.dbtools.crest.swingui.relational.TVFKRelation" oid="01D92413-3AE6-6616-E1CE-FA0D13AFCEC8" otype="FKIndexAssociation" vid_source="52A96392-9597-76B4-03F1-3BC16285FFF4" vid_target="1C3DDFC9-8E73-F900-2B97-8B16BD2BA0E3">
<hideElementsInCurrentOnly>false</hideElementsInCurrentOnly>
<backgroundColor>-16777216</backgroundColor>
<lineWidth>1</lineWidth>
<points>
<point x="710" y="296"/>
<point x="640" y="296"/>
</points>
</Connector>
<Connector class="oracle.dbtools.crest.swingui.relational.TVFKRelation" oid="1D6CA54C-DBFE-CB67-9A76-E3CA3DC203D1" otype="FKIndexAssociation" vid_source="9AE68D68-FE24-DFBE-30AD-DC643CC3B6C9" vid_target="9E7010A8-4753-5AA7-EB7B-B032195AE4EB">
<hideElementsInCurrentOnly>false</hideElementsInCurrentOnly>
<backgroundColor>-16777216</backgroundColor>
<lineWidth>1</lineWidth>
<points>
<point x="912" y="493"/>
<point x="1077" y="493"/>
</points>
</Connector>
<Connector class="oracle.dbtools.crest.swingui.relational.TVFKRelation" oid="5A69F835-56D9-987D-8560-E198F05A7662" otype="FKIndexAssociation" vid_source="7629B562-7280-F301-F72F-1FBF201653BA" vid_target="8B628F62-D5CB-EC6A-575F-711DA3B15E62">
<hideElementsInCurrentOnly>false</hideElementsInCurrentOnly>
<backgroundColor>-16777216</backgroundColor>
<lineWidth>1</lineWidth>
<points>
<point x="301" y="452"/>
<point x="385" y="564"/>
</points>
</Connector>
<Connector class="oracle.dbtools.crest.swingui.relational.TVFKRelation" oid="717484E9-830E-D4AA-BDDD-500C6E053618" otype="FKIndexAssociation" vid_source="93B58701-83FC-6916-248A-D8ADDAC5F7E8" vid_target="7629B562-7280-F301-F72F-1FBF201653BA">
<hideElementsInCurrentOnly>false</hideElementsInCurrentOnly>
<backgroundColor>-16777216</backgroundColor>
<lineWidth>1</lineWidth>
<points>
<point x="160" y="151"/>
<point x="160" y="192"/>
</points>
</Connector>
<Connector class="oracle.dbtools.crest.swingui.relational.TVFKRelation" oid="B21A58E6-8585-FD89-B5A3-B4EEB2E09E77" otype="FKIndexAssociation" vid_source="5BA5A6B2-C046-DC0A-AFC5-B1337199EE86" vid_target="9E7010A8-4753-5AA7-EB7B-B032195AE4EB">
<hideElementsInCurrentOnly>false</hideElementsInCurrentOnly>
<backgroundColor>-16777216</backgroundColor>
<lineWidth>1</lineWidth>
<points>
<point x="1167" y="174"/>
<point x="1167" y="481"/>
</points>
</Connector>
<Connector class="oracle.dbtools.crest.swingui.relational.TVFKRelation" oid="B4225476-D324-2265-6DEC-3ABE8B0C08C1" otype="FKIndexAssociation" vid_source="5BA5A6B2-C046-DC0A-AFC5-B1337199EE86" vid_target="F9E42111-4F77-2012-781F-6A98B12E1C6B">
<hideElementsInCurrentOnly>false</hideElementsInCurrentOnly>
<backgroundColor>-16777216</backgroundColor>
<lineWidth>1</lineWidth>
<points>
<point x="1044" y="174"/>
<point x="1044" y="239"/>
</points>
</Connector>
<Connector class="oracle.dbtools.crest.swingui.relational.TVFKRelation" oid="BAE3E874-87B8-7A90-19B4-D826374C27E5" otype="FKIndexAssociation" vid_source="7629B562-7280-F301-F72F-1FBF201653BA" vid_target="30AACA10-5ACD-FB77-A99C-FEAB0105DFE4">
<hideElementsInCurrentOnly>false</hideElementsInCurrentOnly>
<backgroundColor>-16777216</backgroundColor>
<lineWidth>1</lineWidth>
<points>
<point x="307" y="423"/>
<point x="403" y="423"/>
</points>
</Connector>
<Connector class="oracle.dbtools.crest.swingui.relational.TVFKRelation" oid="BD118917-9561-A536-F1C7-3495E2F5326F" otype="FKIndexAssociation" vid_source="93B58701-83FC-6916-248A-D8ADDAC5F7E8" vid_target="71128920-FA86-A4DE-19C6-3B6BBD57DC91">
<hideElementsInCurrentOnly>false</hideElementsInCurrentOnly>
<backgroundColor>-16777216</backgroundColor>
<lineWidth>1</lineWidth>
<points>
<point x="191" y="98"/>
<point x="238" y="98"/>
</points>
</Connector>
<Connector class="oracle.dbtools.crest.swingui.relational.TVFKRelation" oid="C0FBD53E-4C44-8256-1368-CDD3F3418123" otype="FKIndexAssociation" vid_source="9AE68D68-FE24-DFBE-30AD-DC643CC3B6C9" vid_target="30AACA10-5ACD-FB77-A99C-FEAB0105DFE4">
<hideElementsInCurrentOnly>false</hideElementsInCurrentOnly>
<backgroundColor>-16777216</backgroundColor>
<lineWidth>1</lineWidth>
<points>
<point x="739" y="449"/>
<point x="662" y="449"/>
</points>
</Connector>
<Connector class="oracle.dbtools.crest.swingui.relational.TVFKRelation" oid="C27AC560-79CF-DCAA-46FE-B279C552D7B2" otype="FKIndexAssociation" vid_source="7629B562-7280-F301-F72F-1FBF201653BA" vid_target="1C3DDFC9-8E73-F900-2B97-8B16BD2BA0E3">
<hideElementsInCurrentOnly>false</hideElementsInCurrentOnly>
<backgroundColor>-16777216</backgroundColor>
<lineWidth>1</lineWidth>
<points>
<point x="307" y="301"/>
<point x="424" y="301"/>
</points>
</Connector>
<Connector class="oracle.dbtools.crest.swingui.relational.TVFKRelation" oid="D692D754-A7E8-E0C7-95E3-75066298FFCC" otype="FKIndexAssociation" vid_source="C45B9C4C-F734-A5A4-B038-FBA1AA39CC30" vid_target="5BA5A6B2-C046-DC0A-AFC5-B1337199EE86">
<hideElementsInCurrentOnly>false</hideElementsInCurrentOnly>
<backgroundColor>-16777216</backgroundColor>
<lineWidth>1</lineWidth>
<points>
<point x="907" y="93"/>
<point x="991" y="93"/>
</points>
</Connector>
<Connector class="oracle.dbtools.crest.swingui.relational.TVFKRelation" oid="D972C25E-2C36-4B11-033D-4BB4E87CC241" otype="FKIndexAssociation" vid_source="52A96392-9597-76B4-03F1-3BC16285FFF4" vid_target="F9E42111-4F77-2012-781F-6A98B12E1C6B">
<hideElementsInCurrentOnly>false</hideElementsInCurrentOnly>
<backgroundColor>-16777216</backgroundColor>
<lineWidth>1</lineWidth>
<points>
<point x="883" y="294"/>
<point x="928" y="294"/>
</points>
</Connector>
<Connector class="oracle.dbtools.crest.swingui.relational.TVFKRelation" oid="EB0915D4-E3D5-BAD4-C24A-85605C0638E4" otype="FKIndexAssociation" vid_source="8B628F62-D5CB-EC6A-575F-711DA3B15E62" vid_target="9E7010A8-4753-5AA7-EB7B-B032195AE4EB">
<hideElementsInCurrentOnly>false</hideElementsInCurrentOnly>
<backgroundColor>-16777216</backgroundColor>
<lineWidth>1</lineWidth>
<points>
<point x="523" y="586"/>
<point x="1077" y="586"/>
</points>
</Connector>
<Connector class="oracle.dbtools.crest.swingui.relational.TVFKRelation" oid="EEDDCDA2-9405-8CBC-0838-15384ACFDF9F" otype="FKIndexAssociation" vid_source="7629B562-7280-F301-F72F-1FBF201653BA" vid_target="C45B9C4C-F734-A5A4-B038-FBA1AA39CC30">
<hideElementsInCurrentOnly>false</hideElementsInCurrentOnly>
<backgroundColor>-16777216</backgroundColor>
<lineWidth>1</lineWidth>
<points>
<point x="307" y="277"/>
<point x="591" y="154"/>
</points>
</Connector>
</connectors>
</Diagram>