<?xml version = '1.0' encoding = 'UTF-8'?>
<Entity class="oracle.dbtools.crest.model.design.logical.Entity" directorySegmentName="seg_0" id="0965F6B3-C355-E6A0-71F7-FF50E60C8527" name="PROGRAMACION">
<createdBy>lgutierrez</createdBy>
<createdTime>2024-10-08 00:10:23 UTC</createdTime>
<ownerDesignName>academias</ownerDesignName>
<engineerTo>
<item key="DABDFF08-CCAA-5E31-3DBD-C3940DE1182C" value="true"/>
</engineerTo>
<adequatelyNormalized>NO</adequatelyNormalized>
<expectedVolumes>0</expectedVolumes>
<fwdEngineeringStrategyName>Single Table</fwdEngineeringStrategyName>
<growthPercent>0</growthPercent>
<growthType>Year</growthType>
<maxVolumes>9999999</maxVolumes>
<minVolumes>0</minVolumes>
<normalForm>Third</normalForm>
<attributes itemClass="oracle.dbtools.crest.model.design.logical.Attribute">
<Attribute name="fecha_sesion" id="AFE09045-B715-DA53-ED47-03574E067119">
<createdBy>lgutierrez</createdBy>
<createdTime>2024-10-08 00:13:58 UTC</createdTime>
<ownerDesignName>academias</ownerDesignName>
<engineerTo>
<item key="DABDFF08-CCAA-5E31-3DBD-C3940DE1182C" value="true"/>
</engineerTo>
<useDomainConstraints>false</useDomainConstraints>
<use>1</use>
<logicalDatatype>LOGDT007</logicalDatatype>
<ownDataTypeParameters>,,</ownDataTypeParameters>
</Attribute>
<Attribute name="hora_inicio" id="F2C23D24-B571-A4FC-51DD-3FD2AB2523C4">
<createdBy>lgutierrez</createdBy>
<createdTime>2024-10-08 00:14:26 UTC</createdTime>
<ownerDesignName>academias</ownerDesignName>
<engineerTo>
<item key="DABDFF08-CCAA-5E31-3DBD-C3940DE1182C" value="true"/>
</engineerTo>
<useDomainConstraints>false</useDomainConstraints>
<use>1</use>
<logicalDatatype>LOGDT014</logicalDatatype>
<ownDataTypeParameters>,,</ownDataTypeParameters>
</Attribute>
<Attribute name="hora_termino" id="DA412AD0-240E-6CFE-4E23-A137B0CA2DF8">
<createdBy>lgutierrez</createdBy>
<createdTime>2024-10-08 00:15:16 UTC</createdTime>
<ownerDesignName>academias</ownerDesignName>
<engineerTo>
<item key="DABDFF08-CCAA-5E31-3DBD-C3940DE1182C" value="true"/>
</engineerTo>
<useDomainConstraints>false</useDomainConstraints>
<use>1</use>
<logicalDatatype>LOGDT014</logicalDatatype>
<ownDataTypeParameters>,,</ownDataTypeParameters>
</Attribute>
<Attribute name="rut_profesor" id="5AB61D27-1EE8-1853-7D7A-FAD1A4C83DCE">
<createdBy>lgutierrez</createdBy>
<createdTime>2024-10-08 00:24:43 UTC</createdTime>
<generatorID>E57C8360-97FA-07A4-0B7A-0BA0CB59A61D</generatorID>
<ownerDesignName>academias</ownerDesignName>
<engineerTo>
<item key="DABDFF08-CCAA-5E31-3DBD-C3940DE1182C" value="true"/>
</engineerTo>
<referedAttribute>2BF88157-860D-21A3-2183-6976090ADE25</referedAttribute>
<useDomainConstraints>false</useDomainConstraints>
<use>1</use>
<logicalDatatype>LOGDT024</logicalDatatype>
<dataTypeSize>12</dataTypeSize>
<ownDataTypeParameters>,,</ownDataTypeParameters>
</Attribute>
<Attribute name="id_seccion" id="977CAEFD-FC96-D381-569A-C001047CEB19">
<createdBy>lgutierrez</createdBy>
<createdTime>2024-10-08 00:26:19 UTC</createdTime>
<generatorID>AC4F4B43-1A94-70A9-8C54-AE751DBEC06F</generatorID>
<ownerDesignName>academias</ownerDesignName>
<engineerTo>
<item key="DABDFF08-CCAA-5E31-3DBD-C3940DE1182C" value="true"/>
</engineerTo>
<referedAttribute>E5CA1EEA-192F-85E1-7444-6416E911C0B4</referedAttribute>
<useDomainConstraints>false</useDomainConstraints>
<use>1</use>
<logicalDatatype>LOGDT011</logicalDatatype>
<ownDataTypeParameters>,,</ownDataTypeParameters>
</Attribute>
<Attribute name="sala" id="66099B5F-558E-F676-E9DA-4B78E37F3292">
<createdBy>lgutierrez</createdBy>
<createdTime>2024-10-08 00:42:43 UTC</createdTime>
<generatorID>54325519-F48D-2EC2-6AE1-85080B226F35</generatorID>
<ownerDesignName>academias</ownerDesignName>
<engineerTo>
<item key="DABDFF08-CCAA-5E31-3DBD-C3940DE1182C" value="true"/>
</engineerTo>
<referedAttribute>DE0F02D9-443C-9506-8EAB-63F1F26D10F6</referedAttribute>
<useDomainConstraints>false</useDomainConstraints>
<use>1</use>
<logicalDatatype>LOGDT024</logicalDatatype>
<dataTypeSize>20 BYTE</dataTypeSize>
<ownDataTypeParameters>,,</ownDataTypeParameters>
</Attribute>
</attributes>
<identifiers itemClass="oracle.dbtools.crest.model.design.logical.CandidateKey">
<identifier id="D4795669-2692-FC17-EE7B-50CB8074A0A3" name="PROGRAMACION PK">
<createdBy>lgutierrez</createdBy>
<createdTime>2024-10-08 00:25:42 UTC</createdTime>
<ownerDesignName>academias</ownerDesignName>
<shouldEngineer>false</shouldEngineer>
<engineerTo>
<item key="DABDFF08-CCAA-5E31-3DBD-C3940DE1182C" value="false"/>
</engineerTo>
<pk>true</pk>
</identifier>
</identifiers>
</Entity>