<?xml version = '1.0' encoding = 'UTF-8'?>
<Entity class="oracle.dbtools.crest.model.design.logical.Entity" directorySegmentName="seg_0" id="16FBA4D1-8254-1DE5-1A81-38F0C726A3D2" name="DIRECTOR">
<createdBy>lgutierrez</createdBy>
<createdTime>2024-10-07 23:50:19 UTC</createdTime>
<ownerDesignName>academias</ownerDesignName>
<engineerTo>
<item key="DABDFF08-CCAA-5E31-3DBD-C3940DE1182C" value="true"/>
</engineerTo>
<adequatelyNormalized>NO</adequatelyNormalized>
<expectedVolumes>0</expectedVolumes>
<fwdEngineeringStrategyName>Single Table</fwdEngineeringStrategyName>
<growthPercent>0</growthPercent>
<growthType>Year</growthType>
<maxVolumes>9999999</maxVolumes>
<minVolumes>0</minVolumes>
<normalForm>Third</normalForm>
<attributes itemClass="oracle.dbtools.crest.model.design.logical.Attribute">
<Attribute name="rut_director" id="4B782214-C60B-70E5-DD9E-7408A5E8830F">
<createdBy>lgutierrez</createdBy>
<createdTime>2024-10-07 23:50:31 UTC</createdTime>
<ownerDesignName>academias</ownerDesignName>
<engineerTo>
<item key="DABDFF08-CCAA-5E31-3DBD-C3940DE1182C" value="true"/>
</engineerTo>
<useDomainConstraints>false</useDomainConstraints>
<use>1</use>
<logicalDatatype>LOGDT024</logicalDatatype>
<dataTypeSize>12 BYTE</dataTypeSize>
<ownDataTypeParameters>12 BYTE,,</ownDataTypeParameters>
</Attribute>
<Attribute name="nombre_director" id="7696579E-8549-08DA-1D64-E96DF02A5CBA">
<createdBy>lgutierrez</createdBy>
<createdTime>2024-10-07 23:50:52 UTC</createdTime>
<ownerDesignName>academias</ownerDesignName>
<engineerTo>
<item key="DABDFF08-CCAA-5E31-3DBD-C3940DE1182C" value="true"/>
</engineerTo>
<useDomainConstraints>false</useDomainConstraints>
<use>1</use>
<logicalDatatype>LOGDT024</logicalDatatype>
<dataTypeSize>200 BYTE</dataTypeSize>
<ownDataTypeParameters>200 BYTE,,</ownDataTypeParameters>
</Attribute>
<Attribute name="direccion_director" id="9B00D127-D820-8B5A-5844-62512543B528">
<createdBy>lgutierrez</createdBy>
<createdTime>2024-10-07 23:51:23 UTC</createdTime>
<ownerDesignName>academias</ownerDesignName>
<engineerTo>
<item key="DABDFF08-CCAA-5E31-3DBD-C3940DE1182C" value="true"/>
</engineerTo>
<useDomainConstraints>false</useDomainConstraints>
<use>1</use>
<logicalDatatype>LOGDT024</logicalDatatype>
<dataTypeSize>500 BYTE</dataTypeSize>
<ownDataTypeParameters>500 BYTE,,</ownDataTypeParameters>
</Attribute>
<Attribute name="telefono_director" id="CE987B47-8A3D-B639-C4AB-3D8D9575A534">
<createdBy>lgutierrez</createdBy>
<createdTime>2024-10-07 23:52:03 UTC</createdTime>
<ownerDesignName>academias</ownerDesignName>
<engineerTo>
<item key="DABDFF08-CCAA-5E31-3DBD-C3940DE1182C" value="true"/>
</engineerTo>
<useDomainConstraints>false</useDomainConstraints>
<use>1</use>
<logicalDatatype>LOGDT024</logicalDatatype>
<dataTypeSize>20 BYTE</dataTypeSize>
<ownDataTypeParameters>20 BYTE,,</ownDataTypeParameters>
</Attribute>
<Attribute name="correo_director" id="A9E28A1F-8F50-EEDE-3CAC-ECE32F47259D">
<createdBy>lgutierrez</createdBy>
<createdTime>2024-10-07 23:52:28 UTC</createdTime>
<ownerDesignName>academias</ownerDesignName>
<engineerTo>
<item key="DABDFF08-CCAA-5E31-3DBD-C3940DE1182C" value="true"/>
</engineerTo>
<useDomainConstraints>false</useDomainConstraints>
<use>1</use>
<logicalDatatype>LOGDT024</logicalDatatype>
<dataTypeSize>200 BYTE</dataTypeSize>
<ownDataTypeParameters>200 BYTE,,</ownDataTypeParameters>
</Attribute>
</attributes>
<identifiers itemClass="oracle.dbtools.crest.model.design.logical.CandidateKey">
<identifier id="90725AE0-BCAA-6B6A-1E81-297E7A0C222B" name="DIRECTOR PK">
<createdBy>lgutierrez</createdBy>
<createdTime>2024-10-07 23:50:50 UTC</createdTime>
<ownerDesignName>academias</ownerDesignName>
<shouldEngineer>false</shouldEngineer>
<engineerTo>
<item key="DABDFF08-CCAA-5E31-3DBD-C3940DE1182C" value="false"/>
</engineerTo>
<pk>true</pk>
<usedAttributes>
<attributeRef>4B782214-C60B-70E5-DD9E-7408A5E8830F</attributeRef>
</usedAttributes>
</identifier>
</identifiers>
</Entity>