<?xml version = '1.0' encoding = 'UTF-8'?>
<Entity class="oracle.dbtools.crest.model.design.logical.Entity" directorySegmentName="seg_0" id="48BB579A-8147-84CB-21DA-0AB4CDC4EEAB" name="CURSO">
<createdBy>lgutierrez</createdBy>
<createdTime>2024-10-07 23:16:00 UTC</createdTime>
<ownerDesignName>academias</ownerDesignName>
<engineerTo>
<item key="DABDFF08-CCAA-5E31-3DBD-C3940DE1182C" value="true"/>
</engineerTo>
<adequatelyNormalized>NO</adequatelyNormalized>
<expectedVolumes>0</expectedVolumes>
<fwdEngineeringStrategyName>Single Table</fwdEngineeringStrategyName>
<growthPercent>0</growthPercent>
<growthType>Year</growthType>
<maxVolumes>9999999</maxVolumes>
<minVolumes>0</minVolumes>
<normalForm>Third</normalForm>
<attributes itemClass="oracle.dbtools.crest.model.design.logical.Attribute">
<Attribute name="cod_curso" id="EB2A1C0B-EAB4-87EF-04F4-B3032E01587B">
<createdBy>lgutierrez</createdBy>
<createdTime>2024-10-07 23:16:33 UTC</createdTime>
<ownerDesignName>academias</ownerDesignName>
<engineerTo>
<item key="DABDFF08-CCAA-5E31-3DBD-C3940DE1182C" value="true"/>
</engineerTo>
<useDomainConstraints>false</useDomainConstraints>
<use>1</use>
<logicalDatatype>LOGDT024</logicalDatatype>
<dataTypeSize>10 BYTE</dataTypeSize>
<ownDataTypeParameters>10 BYTE,,</ownDataTypeParameters>
</Attribute>
<Attribute name="nombre_curso" id="41226B26-2ABE-B6DC-4766-A511B4BF3253">
<createdBy>lgutierrez</createdBy>
<createdTime>2024-10-07 23:17:02 UTC</createdTime>
<ownerDesignName>academias</ownerDesignName>
<engineerTo>
<item key="DABDFF08-CCAA-5E31-3DBD-C3940DE1182C" value="true"/>
</engineerTo>
<useDomainConstraints>false</useDomainConstraints>
<use>1</use>
<logicalDatatype>LOGDT024</logicalDatatype>
<dataTypeSize>100 BYTE</dataTypeSize>
<ownDataTypeParameters>100 BYTE,,</ownDataTypeParameters>
</Attribute>
<Attribute name="hrs_curso" id="B5AA7CA5-649C-2C87-70C2-2DD1FE7A18DB">
<createdBy>lgutierrez</createdBy>
<createdTime>2024-10-07 23:17:36 UTC</createdTime>
<ownerDesignName>academias</ownerDesignName>
<engineerTo>
<item key="DABDFF08-CCAA-5E31-3DBD-C3940DE1182C" value="true"/>
</engineerTo>
<useDomainConstraints>false</useDomainConstraints>
<use>1</use>
<logicalDatatype>LOGDT011</logicalDatatype>
<ownDataTypeParameters>,,</ownDataTypeParameters>
</Attribute>
<Attribute name="rut_academia" id="DCF712B7-2CB9-F34D-3ADD-0EB30C00D4C6">
<createdBy>lgutierrez</createdBy>
<createdTime>2024-10-08 00:27:43 UTC</createdTime>
<generatorID>9EBEE778-9E75-B946-A227-C7903EDDACA3</generatorID>
<ownerDesignName>academias</ownerDesignName>
<engineerTo>
<item key="DABDFF08-CCAA-5E31-3DBD-C3940DE1182C" value="true"/>
</engineerTo>
<referedAttribute>6558A3BC-741C-FBDC-4B88-29CB3AC48A1E</referedAttribute>
<useDomainConstraints>false</useDomainConstraints>
<use>1</use>
<logicalDatatype>LOGDT024</logicalDatatype>
<dataTypeSize>12 BYTE</dataTypeSize>
<ownDataTypeParameters>,,</ownDataTypeParameters>
</Attribute>
</attributes>
<identifiers itemClass="oracle.dbtools.crest.model.design.logical.CandidateKey">
<identifier id="A08C63BF-6EE6-AC8C-D25B-EDED0B052A2D" name="CURSO PK">
<createdBy>lgutierrez</createdBy>
<createdTime>2024-10-07 23:16:58 UTC</createdTime>
<ownerDesignName>academias</ownerDesignName>
<shouldEngineer>false</shouldEngineer>
<engineerTo>
<item key="DABDFF08-CCAA-5E31-3DBD-C3940DE1182C" value="false"/>
</engineerTo>
<pk>true</pk>
<usedAttributes>
<attributeRef>EB2A1C0B-EAB4-87EF-04F4-B3032E01587B</attributeRef>
<attributeRef>DCF712B7-2CB9-F34D-3ADD-0EB30C00D4C6</attributeRef>
</usedAttributes>
</identifier>
</identifiers>
</Entity>