<?xml version = '1.0' encoding = 'UTF-8'?>
<Entity class="oracle.dbtools.crest.model.design.logical.Entity" directorySegmentName="seg_0" id="75D1F3AA-4A9F-5994-E250-8A7D05D7CDD4" name="PROFESOR">
<createdBy>lgutierrez</createdBy>
<createdTime>2024-10-07 23:53:18 UTC</createdTime>
<ownerDesignName>academias</ownerDesignName>
<engineerTo>
<item key="DABDFF08-CCAA-5E31-3DBD-C3940DE1182C" value="true"/>
</engineerTo>
<adequatelyNormalized>NO</adequatelyNormalized>
<expectedVolumes>0</expectedVolumes>
<fwdEngineeringStrategyName>Single Table</fwdEngineeringStrategyName>
<growthPercent>0</growthPercent>
<growthType>Year</growthType>
<maxVolumes>9999999</maxVolumes>
<minVolumes>0</minVolumes>
<normalForm>Third</normalForm>
<attributes itemClass="oracle.dbtools.crest.model.design.logical.Attribute">
<Attribute name="rut_profesor" id="2BF88157-860D-21A3-2183-6976090ADE25">
<createdBy>lgutierrez</createdBy>
<createdTime>2024-10-07 23:53:25 UTC</createdTime>
<ownerDesignName>academias</ownerDesignName>
<engineerTo>
<item key="DABDFF08-CCAA-5E31-3DBD-C3940DE1182C" value="true"/>
</engineerTo>
<useDomainConstraints>false</useDomainConstraints>
<use>1</use>
<logicalDatatype>LOGDT024</logicalDatatype>
<dataTypeSize>12</dataTypeSize>
<ownDataTypeParameters>12,,</ownDataTypeParameters>
</Attribute>
<Attribute name="nombre_profesor" id="60E40995-8454-DB2F-E2D4-060130A42987">
<createdBy>lgutierrez</createdBy>
<createdTime>2024-10-07 23:53:34 UTC</createdTime>
<ownerDesignName>academias</ownerDesignName>
<engineerTo>
<item key="DABDFF08-CCAA-5E31-3DBD-C3940DE1182C" value="true"/>
</engineerTo>
<useDomainConstraints>false</useDomainConstraints>
<use>1</use>
<logicalDatatype>LOGDT024</logicalDatatype>
<dataTypeSize>200 BYTE</dataTypeSize>
<ownDataTypeParameters>200 BYTE,,</ownDataTypeParameters>
</Attribute>
<Attribute name="direccion_profesor" id="100F19B9-3D93-C8F7-9632-1BAB3ED02818">
<createdBy>lgutierrez</createdBy>
<createdTime>2024-10-07 23:53:42 UTC</createdTime>
<ownerDesignName>academias</ownerDesignName>
<engineerTo>
<item key="DABDFF08-CCAA-5E31-3DBD-C3940DE1182C" value="true"/>
</engineerTo>
<useDomainConstraints>false</useDomainConstraints>
<use>1</use>
<logicalDatatype>LOGDT024</logicalDatatype>
<dataTypeSize>500 BYTE</dataTypeSize>
<ownDataTypeParameters>500 BYTE,,</ownDataTypeParameters>
</Attribute>
<Attribute name="telefono_profesor" id="74F83194-E022-56D1-0C6F-CBDEEF25DEE4">
<createdBy>lgutierrez</createdBy>
<createdTime>2024-10-07 23:54:04 UTC</createdTime>
<ownerDesignName>academias</ownerDesignName>
<engineerTo>
<item key="DABDFF08-CCAA-5E31-3DBD-C3940DE1182C" value="true"/>
</engineerTo>
<useDomainConstraints>false</useDomainConstraints>
<use>1</use>
<logicalDatatype>LOGDT024</logicalDatatype>
<dataTypeSize>20 BYTE</dataTypeSize>
<ownDataTypeParameters>20 BYTE,,</ownDataTypeParameters>
</Attribute>
<Attribute name="correo_profesor" id="3A357C77-1A9F-9162-7D27-7D5212715F9D">
<createdBy>lgutierrez</createdBy>
<createdTime>2024-10-07 23:54:14 UTC</createdTime>
<ownerDesignName>academias</ownerDesignName>
<engineerTo>
<item key="DABDFF08-CCAA-5E31-3DBD-C3940DE1182C" value="true"/>
</engineerTo>
<useDomainConstraints>false</useDomainConstraints>
<use>1</use>
<logicalDatatype>LOGDT024</logicalDatatype>
<dataTypeSize>200 BYTE</dataTypeSize>
<ownDataTypeParameters>200 BYTE,,</ownDataTypeParameters>
</Attribute>
</attributes>
<identifiers itemClass="oracle.dbtools.crest.model.design.logical.CandidateKey">
<identifier id="CF88EC0F-13E0-740D-8F2B-448137680A44" name="PROFESOR PK">
<createdBy>lgutierrez</createdBy>
<createdTime>2024-10-07 23:56:35 UTC</createdTime>
<ownerDesignName>academias</ownerDesignName>
<shouldEngineer>false</shouldEngineer>
<engineerTo>
<item key="DABDFF08-CCAA-5E31-3DBD-C3940DE1182C" value="false"/>
</engineerTo>
<pk>true</pk>
<usedAttributes>
<attributeRef>2BF88157-860D-21A3-2183-6976090ADE25</attributeRef>
</usedAttributes>
</identifier>
</identifiers>
</Entity>