<?xml version = '1.0' encoding = 'UTF-8'?>
<Entity class="oracle.dbtools.crest.model.design.logical.Entity" directorySegmentName="seg_0" id="9C9177CE-C07A-3F8C-9D09-B5EEC2364291" name="ALUMNO">
<createdBy>lgutierrez</createdBy>
<createdTime>2024-10-07 23:57:14 UTC</createdTime>
<ownerDesignName>academias</ownerDesignName>
<engineerTo>
<item key="DABDFF08-CCAA-5E31-3DBD-C3940DE1182C" value="true"/>
</engineerTo>
<adequatelyNormalized>NO</adequatelyNormalized>
<expectedVolumes>0</expectedVolumes>
<fwdEngineeringStrategyName>Single Table</fwdEngineeringStrategyName>
<growthPercent>0</growthPercent>
<growthType>Year</growthType>
<maxVolumes>9999999</maxVolumes>
<minVolumes>0</minVolumes>
<normalForm>Third</normalForm>
<attributes itemClass="oracle.dbtools.crest.model.design.logical.Attribute">
<Attribute name="rut_alumno" id="AE1FDF0C-B624-5961-101E-E1659AA2CFE5">
<createdBy>lgutierrez</createdBy>
<createdTime>2024-10-07 23:59:03 UTC</createdTime>
<ownerDesignName>academias</ownerDesignName>
<engineerTo>
<item key="DABDFF08-CCAA-5E31-3DBD-C3940DE1182C" value="true"/>
</engineerTo>
<useDomainConstraints>false</useDomainConstraints>
<use>1</use>
<logicalDatatype>LOGDT024</logicalDatatype>
<dataTypeSize>12 BYTE</dataTypeSize>
<ownDataTypeParameters>12 BYTE,,</ownDataTypeParameters>
</Attribute>
<Attribute name="nombre_alumno" id="076131A8-E0B6-EA48-1F87-3B6C9D987DCD">
<createdBy>lgutierrez</createdBy>
<createdTime>2024-10-07 23:59:17 UTC</createdTime>
<ownerDesignName>academias</ownerDesignName>
<engineerTo>
<item key="DABDFF08-CCAA-5E31-3DBD-C3940DE1182C" value="true"/>
</engineerTo>
<useDomainConstraints>false</useDomainConstraints>
<use>1</use>
<logicalDatatype>LOGDT024</logicalDatatype>
<dataTypeSize>200 BYTE</dataTypeSize>
<ownDataTypeParameters>200 BYTE,,</ownDataTypeParameters>
</Attribute>
<Attribute name="direccion_alumno" id="9454DE3D-343C-544E-8D91-3BE62BFE2057">
<createdBy>lgutierrez</createdBy>
<createdTime>2024-10-07 23:59:23 UTC</createdTime>
<ownerDesignName>academias</ownerDesignName>
<engineerTo>
<item key="DABDFF08-CCAA-5E31-3DBD-C3940DE1182C" value="true"/>
</engineerTo>
<useDomainConstraints>false</useDomainConstraints>
<use>1</use>
<logicalDatatype>LOGDT024</logicalDatatype>
<dataTypeSize>500 BYTE</dataTypeSize>
<ownDataTypeParameters>500 BYTE,,</ownDataTypeParameters>
</Attribute>
<Attribute name="telefono_alumno" id="C94CEE63-A4E3-E19B-568A-1B1C40E16292">
<createdBy>lgutierrez</createdBy>
<createdTime>2024-10-08 00:01:14 UTC</createdTime>
<ownerDesignName>academias</ownerDesignName>
<engineerTo>
<item key="DABDFF08-CCAA-5E31-3DBD-C3940DE1182C" value="true"/>
</engineerTo>
<useDomainConstraints>false</useDomainConstraints>
<use>1</use>
<logicalDatatype>LOGDT024</logicalDatatype>
<dataTypeSize>20 BYTE</dataTypeSize>
<ownDataTypeParameters>20 BYTE,,</ownDataTypeParameters>
</Attribute>
<Attribute name="correo_alumno" id="5E70EB86-BA29-D3E5-1D4E-B9EACD533EA0">
<createdBy>lgutierrez</createdBy>
<createdTime>2024-10-08 00:01:21 UTC</createdTime>
<ownerDesignName>academias</ownerDesignName>
<engineerTo>
<item key="DABDFF08-CCAA-5E31-3DBD-C3940DE1182C" value="true"/>
</engineerTo>
<useDomainConstraints>false</useDomainConstraints>
<use>1</use>
<logicalDatatype>LOGDT024</logicalDatatype>
<dataTypeSize>200 BYTE</dataTypeSize>
<ownDataTypeParameters>200 BYTE,,</ownDataTypeParameters>
</Attribute>
</attributes>
<identifiers itemClass="oracle.dbtools.crest.model.design.logical.CandidateKey">
<identifier id="60AAFB39-D047-C687-FEAE-B926F993BC16" name="ALUMNO PK">
<createdBy>lgutierrez</createdBy>
<createdTime>2024-10-08 00:02:26 UTC</createdTime>
<ownerDesignName>academias</ownerDesignName>
<shouldEngineer>false</shouldEngineer>
<engineerTo>
<item key="DABDFF08-CCAA-5E31-3DBD-C3940DE1182C" value="false"/>
</engineerTo>
<pk>true</pk>
<usedAttributes>
<attributeRef>AE1FDF0C-B624-5961-101E-E1659AA2CFE5</attributeRef>
</usedAttributes>
</identifier>
</identifiers>
</Entity>