<?xml version = '1.0' encoding = 'UTF-8'?>
<Entity class="oracle.dbtools.crest.model.design.logical.Entity" directorySegmentName="seg_0" id="9DB835BE-0064-545E-24BC-1AF654D07546" name="SALA">
<createdBy>lgutierrez</createdBy>
<createdTime>2024-10-08 00:19:42 UTC</createdTime>
<ownerDesignName>academias</ownerDesignName>
<engineerTo>
<item key="DABDFF08-CCAA-5E31-3DBD-C3940DE1182C" value="true"/>
</engineerTo>
<adequatelyNormalized>NO</adequatelyNormalized>
<expectedVolumes>0</expectedVolumes>
<fwdEngineeringStrategyName>Single Table</fwdEngineeringStrategyName>
<growthPercent>0</growthPercent>
<growthType>Year</growthType>
<maxVolumes>9999999</maxVolumes>
<minVolumes>0</minVolumes>
<normalForm>Third</normalForm>
<attributes itemClass="oracle.dbtools.crest.model.design.logical.Attribute">
<Attribute name="sala" id="DE0F02D9-443C-9506-8EAB-63F1F26D10F6">
<createdBy>lgutierrez</createdBy>
<createdTime>2024-10-08 00:19:48 UTC</createdTime>
<ownerDesignName>academias</ownerDesignName>
<engineerTo>
<item key="DABDFF08-CCAA-5E31-3DBD-C3940DE1182C" value="true"/>
</engineerTo>
<useDomainConstraints>false</useDomainConstraints>
<use>1</use>
<logicalDatatype>LOGDT024</logicalDatatype>
<dataTypeSize>20 BYTE</dataTypeSize>
<ownDataTypeParameters>20 BYTE,,</ownDataTypeParameters>
</Attribute>
<Attribute name="capacidad_sala" id="DA744757-25AD-339E-67AD-1A30D69D86B2">
<createdBy>lgutierrez</createdBy>
<createdTime>2024-10-08 00:20:55 UTC</createdTime>
<ownerDesignName>academias</ownerDesignName>
<engineerTo>
<item key="DABDFF08-CCAA-5E31-3DBD-C3940DE1182C" value="true"/>
</engineerTo>
<useDomainConstraints>false</useDomainConstraints>
<use>1</use>
<logicalDatatype>LOGDT011</logicalDatatype>
<ownDataTypeParameters>,,</ownDataTypeParameters>
</Attribute>
<Attribute name="tipo_sala" id="A1354938-064C-A529-5CA5-ECC8F652945A">
<createdBy>lgutierrez</createdBy>
<createdTime>2024-10-08 00:21:03 UTC</createdTime>
<ownerDesignName>academias</ownerDesignName>
<engineerTo>
<item key="DABDFF08-CCAA-5E31-3DBD-C3940DE1182C" value="true"/>
</engineerTo>
<useDomainConstraints>false</useDomainConstraints>
<use>1</use>
<logicalDatatype>LOGDT024</logicalDatatype>
<dataTypeSize>50 BYTE</dataTypeSize>
<ownDataTypeParameters>50 BYTE,,</ownDataTypeParameters>
</Attribute>
<Attribute name="rut_academia" id="F3869DF1-DCE1-FEC8-7C97-E741B1F2CEB0">
<createdBy>lgutierrez</createdBy>
<createdTime>2024-10-08 00:42:06 UTC</createdTime>
<generatorID>434FC706-2D12-18A5-9139-685AEDB8797F</generatorID>
<ownerDesignName>academias</ownerDesignName>
<engineerTo>
<item key="DABDFF08-CCAA-5E31-3DBD-C3940DE1182C" value="true"/>
</engineerTo>
<referedAttribute>6558A3BC-741C-FBDC-4B88-29CB3AC48A1E</referedAttribute>
<useDomainConstraints>false</useDomainConstraints>
<use>1</use>
<logicalDatatype>LOGDT024</logicalDatatype>
<dataTypeSize>12 BYTE</dataTypeSize>
<ownDataTypeParameters>,,</ownDataTypeParameters>
</Attribute>
</attributes>
<identifiers itemClass="oracle.dbtools.crest.model.design.logical.CandidateKey">
<identifier id="D15CABE1-EC41-46E4-C0F4-F395537FA62F" name="SALA PK">
<createdBy>lgutierrez</createdBy>
<createdTime>2024-10-08 00:21:38 UTC</createdTime>
<ownerDesignName>academias</ownerDesignName>
<shouldEngineer>false</shouldEngineer>
<engineerTo>
<item key="DABDFF08-CCAA-5E31-3DBD-C3940DE1182C" value="false"/>
</engineerTo>
<pk>true</pk>
<usedAttributes>
<attributeRef>DE0F02D9-443C-9506-8EAB-63F1F26D10F6</attributeRef>
</usedAttributes>
</identifier>
</identifiers>
</Entity>