<?xml version = '1.0' encoding = 'UTF-8'?>
<Entity class="oracle.dbtools.crest.model.design.logical.Entity" directorySegmentName="seg_0" id="C459165A-2AF8-DBBC-9CDC-9E3C88D0FBAF" name="SECCION">
<createdBy>lgutierrez</createdBy>
<createdTime>2024-10-08 00:02:42 UTC</createdTime>
<ownerDesignName>academias</ownerDesignName>
<engineerTo>
<item key="DABDFF08-CCAA-5E31-3DBD-C3940DE1182C" value="true"/>
</engineerTo>
<adequatelyNormalized>NO</adequatelyNormalized>
<expectedVolumes>0</expectedVolumes>
<fwdEngineeringStrategyName>Single Table</fwdEngineeringStrategyName>
<growthPercent>0</growthPercent>
<growthType>Year</growthType>
<maxVolumes>9999999</maxVolumes>
<minVolumes>0</minVolumes>
<normalForm>Third</normalForm>
<attributes itemClass="oracle.dbtools.crest.model.design.logical.Attribute">
<Attribute name="id_seccion" id="E5CA1EEA-192F-85E1-7444-6416E911C0B4">
<createdBy>lgutierrez</createdBy>
<createdTime>2024-10-08 00:04:29 UTC</createdTime>
<ownerDesignName>academias</ownerDesignName>
<engineerTo>
<item key="DABDFF08-CCAA-5E31-3DBD-C3940DE1182C" value="true"/>
</engineerTo>
<useDomainConstraints>false</useDomainConstraints>
<use>1</use>
<logicalDatatype>LOGDT011</logicalDatatype>
<ownDataTypeParameters>,,</ownDataTypeParameters>
</Attribute>
<Attribute name="anio" id="CF4CE620-6D3A-46F1-4886-989FF1EAD976">
<createdBy>lgutierrez</createdBy>
<createdTime>2024-10-08 00:04:36 UTC</createdTime>
<ownerDesignName>academias</ownerDesignName>
<engineerTo>
<item key="DABDFF08-CCAA-5E31-3DBD-C3940DE1182C" value="true"/>
</engineerTo>
<useDomainConstraints>false</useDomainConstraints>
<use>1</use>
<logicalDatatype>LOGDT011</logicalDatatype>
<ownDataTypeParameters>,,</ownDataTypeParameters>
</Attribute>
<Attribute name="periodo_academico" id="FAF7C74F-1F5D-3509-E014-0AAB9D7BDCF2">
<createdBy>lgutierrez</createdBy>
<createdTime>2024-10-08 00:04:38 UTC</createdTime>
<ownerDesignName>academias</ownerDesignName>
<engineerTo>
<item key="DABDFF08-CCAA-5E31-3DBD-C3940DE1182C" value="true"/>
</engineerTo>
<useDomainConstraints>false</useDomainConstraints>
<use>1</use>
<logicalDatatype>LOGDT011</logicalDatatype>
<ownDataTypeParameters>,,</ownDataTypeParameters>
</Attribute>
<Attribute name="cod_curso" id="B3D1ED48-6407-6D6D-5858-3929FB70D4E4">
<createdBy>lgutierrez</createdBy>
<createdTime>2024-10-08 00:26:49 UTC</createdTime>
<generatorID>ADF3A944-1235-EB89-0686-2E9ED39604AE</generatorID>
<ownerDesignName>academias</ownerDesignName>
<engineerTo>
<item key="DABDFF08-CCAA-5E31-3DBD-C3940DE1182C" value="true"/>
</engineerTo>
<referedAttribute>EB2A1C0B-EAB4-87EF-04F4-B3032E01587B</referedAttribute>
<useDomainConstraints>false</useDomainConstraints>
<use>1</use>
<logicalDatatype>LOGDT024</logicalDatatype>
<dataTypeSize>10 BYTE</dataTypeSize>
<ownDataTypeParameters>,,</ownDataTypeParameters>
</Attribute>
<Attribute name="rut_academia" id="B6C4E031-AD68-7192-7A30-1E9EA21527FE">
<createdBy>lgutierrez</createdBy>
<createdTime>2024-10-08 00:27:43 UTC</createdTime>
<generatorID>ADF3A944-1235-EB89-0686-2E9ED39604AE</generatorID>
<ownerDesignName>academias</ownerDesignName>
<engineerTo>
<item key="DABDFF08-CCAA-5E31-3DBD-C3940DE1182C" value="true"/>
</engineerTo>
<referedAttribute>DCF712B7-2CB9-F34D-3ADD-0EB30C00D4C6</referedAttribute>
<useDomainConstraints>false</useDomainConstraints>
<use>1</use>
<logicalDatatype>LOGDT024</logicalDatatype>
<dataTypeSize>12 BYTE</dataTypeSize>
<ownDataTypeParameters>,,</ownDataTypeParameters>
</Attribute>
</attributes>
<identifiers itemClass="oracle.dbtools.crest.model.design.logical.CandidateKey">
<identifier id="420181BE-04F1-D32C-89F3-3567A37D8471" name="SECCION PK">
<createdBy>lgutierrez</createdBy>
<createdTime>2024-10-08 00:08:35 UTC</createdTime>
<ownerDesignName>academias</ownerDesignName>
<shouldEngineer>false</shouldEngineer>
<engineerTo>
<item key="DABDFF08-CCAA-5E31-3DBD-C3940DE1182C" value="false"/>
</engineerTo>
<pk>true</pk>
<usedAttributes>
<attributeRef>E5CA1EEA-192F-85E1-7444-6416E911C0B4</attributeRef>
</usedAttributes>
</identifier>
</identifiers>
</Entity>