<?xml version = '1.0' encoding = 'UTF-8'?>
<Table class="oracle.dbtools.crest.model.design.relational.Table" directorySegmentName="seg_0" id="42B9BE86-456A-F041-42A3-531985524DA8" name="CONTRATACION_DOCENTE">
<createdBy>lgutierrez</createdBy>
<createdTime>2024-10-08 00:47:04 UTC</createdTime>
<ownerDesignName>academias</ownerDesignName>
<allowColumnReorder>false</allowColumnReorder>
<existDependencyGenerateInDDl>true</existDependencyGenerateInDDl>
<parsed>true</parsed>
<columns itemClass="oracle.dbtools.crest.model.design.relational.Column">
<Column name="PROFESOR_rut_profesor" id="26A8C7F9-3C33-27DE-A507-F29D86A28E9D">
<createdBy>lgutierrez</createdBy>
<createdTime>2024-10-08 00:47:04 UTC</createdTime>
<ownerDesignName>academias</ownerDesignName>
<useDomainConstraints>false</useDomainConstraints>
<use>1</use>
<logicalDatatype>LOGDT024</logicalDatatype>
<dataTypeSize>12</dataTypeSize>
<ownDataTypeParameters>,,</ownDataTypeParameters>
<previousColumn>false</previousColumn>
<autoIncrementCycle>false</autoIncrementCycle>
<associations>
<colAssociation fkAssociation="C0FBD53E-4C44-8256-1368-CDD3F3418123" referredColumn="DFC65459-9E14-2B0F-F52D-CEB1D07F73B4"/>
</associations>
</Column>
<Column name="ACADEMIA_rut_academia" id="E24293D2-AF0C-5736-239E-7092EB98916C">
<createdBy>lgutierrez</createdBy>
<createdTime>2024-10-08 00:47:04 UTC</createdTime>
<ownerDesignName>academias</ownerDesignName>
<useDomainConstraints>false</useDomainConstraints>
<use>1</use>
<logicalDatatype>LOGDT024</logicalDatatype>
<dataTypeSize>12 BYTE</dataTypeSize>
<ownDataTypeParameters>,,</ownDataTypeParameters>
<previousColumn>false</previousColumn>
<autoIncrementCycle>false</autoIncrementCycle>
<associations>
<colAssociation fkAssociation="BAE3E874-87B8-7A90-19B4-D826374C27E5" referredColumn="1A53D517-48C5-5B61-3EE4-746563CC3092"/>
</associations>
</Column>
<Column name="categoria" id="436BB87C-6397-64AA-DA3D-A2A0ACDE882F">
<createdBy>lgutierrez</createdBy>
<createdTime>2024-10-08 01:01:43 UTC</createdTime>
<generatorID>C0E1A1AA-601B-AA1E-A7CA-CDFBD79776C3</generatorID>
<ownerDesignName>academias</ownerDesignName>
<useDomainConstraints>false</useDomainConstraints>
<use>1</use>
<logicalDatatype>LOGDT024</logicalDatatype>
<dataTypeSize>20 BYTE</dataTypeSize>
<ownDataTypeParameters>20 BYTE,,</ownDataTypeParameters>
<autoIncrementCycle>false</autoIncrementCycle>
<isRelationshipColumn>true</isRelationshipColumn>
<isDependOnFK_AsMandatory>true</isDependOnFK_AsMandatory>
</Column>
</columns>
<indexes itemClass="oracle.dbtools.crest.model.design.relational.Index">
<ind_PK_UK id="45D6E855-7021-5804-19A5-5AC253A0E4DA" name="Relation_10_PK">
<createdBy>lgutierrez</createdBy>
<createdTime>2024-10-08 00:47:04 UTC</createdTime>
<ownerDesignName>academias</ownerDesignName>
<pk>true</pk>
<indexState>Primary Constraint</indexState>
<isSurrogateKey>false</isSurrogateKey>
<indexColumnUsage>
<colUsage columnID="26A8C7F9-3C33-27DE-A507-F29D86A28E9D"/>
<colUsage columnID="E24293D2-AF0C-5736-239E-7092EB98916C"/>
</indexColumnUsage>
</ind_PK_UK>
<ind_PK_UK id="B1C16E48-2026-8057-7544-63ADFE203478" name="Relation_10_PROFESOR_FK">
<createdBy>lgutierrez</createdBy>
<createdTime>2024-10-08 00:47:04 UTC</createdTime>
<generatorID>944DA3E9-B14A-DF6D-DF5E-519A67B1D249</generatorID>
<ownerDesignName>academias</ownerDesignName>
<indexState>Foreign Key</indexState>
<isSurrogateKey>false</isSurrogateKey>
<indexColumnUsage>
<colUsage columnID="26A8C7F9-3C33-27DE-A507-F29D86A28E9D"/>
</indexColumnUsage>
</ind_PK_UK>
<ind_PK_UK id="66E8F2BE-A71D-B279-3863-08865278F4F1" name="Relation_10_ACADEMIA_FK">
<createdBy>lgutierrez</createdBy>
<createdTime>2024-10-08 00:47:04 UTC</createdTime>
<generatorID>944DA3E9-B14A-DF6D-DF5E-519A67B1D249</generatorID>
<ownerDesignName>academias</ownerDesignName>
<indexState>Foreign Key</indexState>
<isSurrogateKey>false</isSurrogateKey>
<indexColumnUsage>
<colUsage columnID="E24293D2-AF0C-5736-239E-7092EB98916C"/>
</indexColumnUsage>
</ind_PK_UK>
</indexes>
</Table>