<?xml version = '1.0' encoding = 'UTF-8'?>
<Table class="oracle.dbtools.crest.model.design.relational.Table" directorySegmentName="seg_0" id="490B6944-BDDF-A7A1-1786-5CD3DA14C54A" name="SALA">
<createdBy>lgutierrez</createdBy>
<createdTime>2024-10-08 00:47:04 UTC</createdTime>
<generatorID>9DB835BE-0064-545E-24BC-1AF654D07546</generatorID>
<ownerDesignName>academias</ownerDesignName>
<allowColumnReorder>false</allowColumnReorder>
<existDependencyGenerateInDDl>true</existDependencyGenerateInDDl>
<parsed>true</parsed>
<columns itemClass="oracle.dbtools.crest.model.design.relational.Column">
<Column name="sala" id="B6C0117E-E058-5F17-7547-68BC7C5EF1F6">
<createdBy>lgutierrez</createdBy>
<createdTime>2024-10-08 00:47:04 UTC</createdTime>
<generatorID>DE0F02D9-443C-9506-8EAB-63F1F26D10F6</generatorID>
<ownerDesignName>academias</ownerDesignName>
<useDomainConstraints>false</useDomainConstraints>
<use>1</use>
<logicalDatatype>LOGDT024</logicalDatatype>
<dataTypeSize>20 BYTE</dataTypeSize>
<ownDataTypeParameters>20 BYTE,,</ownDataTypeParameters>
<autoIncrementCycle>false</autoIncrementCycle>
</Column>
<Column name="capacidad_sala" id="18DB5BFB-024F-AEF5-7F0A-B4655BDCB277">
<createdBy>lgutierrez</createdBy>
<createdTime>2024-10-08 00:47:04 UTC</createdTime>
<generatorID>DA744757-25AD-339E-67AD-1A30D69D86B2</generatorID>
<ownerDesignName>academias</ownerDesignName>
<useDomainConstraints>false</useDomainConstraints>
<use>1</use>
<logicalDatatype>LOGDT011</logicalDatatype>
<ownDataTypeParameters>,,</ownDataTypeParameters>
<autoIncrementCycle>false</autoIncrementCycle>
</Column>
<Column name="tipo_sala" id="9026F0B9-A61C-4816-6715-A069877075C5">
<createdBy>lgutierrez</createdBy>
<createdTime>2024-10-08 00:47:04 UTC</createdTime>
<generatorID>A1354938-064C-A529-5CA5-ECC8F652945A</generatorID>
<ownerDesignName>academias</ownerDesignName>
<useDomainConstraints>false</useDomainConstraints>
<use>1</use>
<logicalDatatype>LOGDT024</logicalDatatype>
<dataTypeSize>50 BYTE</dataTypeSize>
<ownDataTypeParameters>50 BYTE,,</ownDataTypeParameters>
<autoIncrementCycle>false</autoIncrementCycle>
</Column>
<Column name="ACADEMIA_rut_academia" id="51C86FD3-4166-D686-D773-CB948672D2D7">
<createdBy>lgutierrez</createdBy>
<createdTime>2024-10-08 00:47:04 UTC</createdTime>
<generatorID>F3869DF1-DCE1-FEC8-7C97-E741B1F2CEB0</generatorID>
<ownerDesignName>academias</ownerDesignName>
<useDomainConstraints>false</useDomainConstraints>
<use>1</use>
<logicalDatatype>LOGDT024</logicalDatatype>
<dataTypeSize>12 BYTE</dataTypeSize>
<ownDataTypeParameters>,,</ownDataTypeParameters>
<previousColumn>false</previousColumn>
<autoIncrementCycle>false</autoIncrementCycle>
<associations>
<colAssociation fkAssociation="5A69F835-56D9-987D-8560-E198F05A7662" referredColumn="1A53D517-48C5-5B61-3EE4-746563CC3092"/>
</associations>
</Column>
</columns>
<indexes itemClass="oracle.dbtools.crest.model.design.relational.Index">
<ind_PK_UK id="89D5A6FD-EA07-FDF1-247F-0126852418EF" name="SALA_PK">
<createdBy>lgutierrez</createdBy>
<createdTime>2024-10-08 00:47:04 UTC</createdTime>
<generatorID>D15CABE1-EC41-46E4-C0F4-F395537FA62F</generatorID>
<ownerDesignName>academias</ownerDesignName>
<pk>true</pk>
<indexState>Primary Constraint</indexState>
<isSurrogateKey>false</isSurrogateKey>
<indexColumnUsage>
<colUsage columnID="B6C0117E-E058-5F17-7547-68BC7C5EF1F6"/>
</indexColumnUsage>
</ind_PK_UK>
<ind_PK_UK id="BAF347E3-CBB6-CDD3-770C-25BDC0830948" name="SALA_ACADEMIA_FK">
<createdBy>lgutierrez</createdBy>
<createdTime>2024-10-08 00:47:04 UTC</createdTime>
<generatorID>434FC706-2D12-18A5-9139-685AEDB8797F</generatorID>
<ownerDesignName>academias</ownerDesignName>
<indexState>Foreign Key</indexState>
<isSurrogateKey>false</isSurrogateKey>
<indexColumnUsage>
<colUsage columnID="51C86FD3-4166-D686-D773-CB948672D2D7"/>
</indexColumnUsage>
</ind_PK_UK>
</indexes>
</Table>