<?xml version = '1.0' encoding = 'UTF-8'?>
<Table class="oracle.dbtools.crest.model.design.relational.Table" directorySegmentName="seg_0" id="55928EAF-907B-78B9-91FA-56712378F944" name="PROFESOR">
<createdBy>lgutierrez</createdBy>
<createdTime>2024-10-08 00:47:04 UTC</createdTime>
<generatorID>75D1F3AA-4A9F-5994-E250-8A7D05D7CDD4</generatorID>
<ownerDesignName>academias</ownerDesignName>
<allowColumnReorder>false</allowColumnReorder>
<existDependencyGenerateInDDl>true</existDependencyGenerateInDDl>
<parsed>true</parsed>
<columns itemClass="oracle.dbtools.crest.model.design.relational.Column">
<Column name="rut_profesor" id="DFC65459-9E14-2B0F-F52D-CEB1D07F73B4">
<createdBy>lgutierrez</createdBy>
<createdTime>2024-10-08 00:47:04 UTC</createdTime>
<generatorID>2BF88157-860D-21A3-2183-6976090ADE25</generatorID>
<ownerDesignName>academias</ownerDesignName>
<useDomainConstraints>false</useDomainConstraints>
<use>1</use>
<logicalDatatype>LOGDT024</logicalDatatype>
<dataTypeSize>12</dataTypeSize>
<ownDataTypeParameters>12,,</ownDataTypeParameters>
<autoIncrementCycle>false</autoIncrementCycle>
</Column>
<Column name="nombre_profesor" id="B2ED949A-B2C2-5FD8-AE95-E79C7D01A1F2">
<createdBy>lgutierrez</createdBy>
<createdTime>2024-10-08 00:47:04 UTC</createdTime>
<generatorID>60E40995-8454-DB2F-E2D4-060130A42987</generatorID>
<ownerDesignName>academias</ownerDesignName>
<useDomainConstraints>false</useDomainConstraints>
<use>1</use>
<logicalDatatype>LOGDT024</logicalDatatype>
<dataTypeSize>200 BYTE</dataTypeSize>
<ownDataTypeParameters>200 BYTE,,</ownDataTypeParameters>
<autoIncrementCycle>false</autoIncrementCycle>
</Column>
<Column name="direccion_profesor" id="7B2712C0-D7EA-217E-B7A2-FC3BE672F8F9">
<createdBy>lgutierrez</createdBy>
<createdTime>2024-10-08 00:47:04 UTC</createdTime>
<generatorID>100F19B9-3D93-C8F7-9632-1BAB3ED02818</generatorID>
<ownerDesignName>academias</ownerDesignName>
<useDomainConstraints>false</useDomainConstraints>
<use>1</use>
<logicalDatatype>LOGDT024</logicalDatatype>
<dataTypeSize>500 BYTE</dataTypeSize>
<ownDataTypeParameters>500 BYTE,,</ownDataTypeParameters>
<autoIncrementCycle>false</autoIncrementCycle>
</Column>
<Column name="telefono_profesor" id="087D4814-3776-42DD-9613-633CE9E2CCAC">
<createdBy>lgutierrez</createdBy>
<createdTime>2024-10-08 00:47:04 UTC</createdTime>
<generatorID>74F83194-E022-56D1-0C6F-CBDEEF25DEE4</generatorID>
<ownerDesignName>academias</ownerDesignName>
<useDomainConstraints>false</useDomainConstraints>
<use>1</use>
<logicalDatatype>LOGDT024</logicalDatatype>
<dataTypeSize>20 BYTE</dataTypeSize>
<ownDataTypeParameters>20 BYTE,,</ownDataTypeParameters>
<autoIncrementCycle>false</autoIncrementCycle>
</Column>
<Column name="correo_profesor" id="E075B39B-C070-6D1B-5DF9-52E735444C2C">
<createdBy>lgutierrez</createdBy>
<createdTime>2024-10-08 00:47:04 UTC</createdTime>
<generatorID>3A357C77-1A9F-9162-7D27-7D5212715F9D</generatorID>
<ownerDesignName>academias</ownerDesignName>
<useDomainConstraints>false</useDomainConstraints>
<use>1</use>
<logicalDatatype>LOGDT024</logicalDatatype>
<dataTypeSize>200 BYTE</dataTypeSize>
<ownDataTypeParameters>200 BYTE,,</ownDataTypeParameters>
<autoIncrementCycle>false</autoIncrementCycle>
</Column>
<Column name="categoria_profesor" id="B527C6A9-C4E6-C85B-6040-B7F57F364B2D">
<createdBy>lgutierrez</createdBy>
<createdTime>2024-10-08 00:47:04 UTC</createdTime>
<generatorID>1F28F571-A98A-F411-EEC5-1D577C27EAAE</generatorID>
<ownerDesignName>academias</ownerDesignName>
<useDomainConstraints>false</useDomainConstraints>
<use>1</use>
<logicalDatatype>LOGDT024</logicalDatatype>
<dataTypeSize>50 BYTE</dataTypeSize>
<ownDataTypeParameters>50 BYTE,,</ownDataTypeParameters>
<autoIncrementCycle>false</autoIncrementCycle>
</Column>
</columns>
<indexes itemClass="oracle.dbtools.crest.model.design.relational.Index">
<ind_PK_UK id="5B4CFC17-97AF-6162-21A7-FB1FE360B5CC" name="PROFESOR_PK">
<createdBy>lgutierrez</createdBy>
<createdTime>2024-10-08 00:47:04 UTC</createdTime>
<generatorID>CF88EC0F-13E0-740D-8F2B-448137680A44</generatorID>
<ownerDesignName>academias</ownerDesignName>
<pk>true</pk>
<indexState>Primary Constraint</indexState>
<isSurrogateKey>false</isSurrogateKey>
<indexColumnUsage>
<colUsage columnID="DFC65459-9E14-2B0F-F52D-CEB1D07F73B4"/>
</indexColumnUsage>
</ind_PK_UK>
</indexes>
</Table>