<?xml version = '1.0' encoding = 'UTF-8'?>
<Table class="oracle.dbtools.crest.model.design.relational.Table" directorySegmentName="seg_0" id="75AE51C3-F324-891F-4C42-1C521C94DE12" name="PROGRAMACION">
<createdBy>lgutierrez</createdBy>
<createdTime>2024-10-08 00:47:04 UTC</createdTime>
<generatorID>0965F6B3-C355-E6A0-71F7-FF50E60C8527</generatorID>
<ownerDesignName>academias</ownerDesignName>
<allowColumnReorder>false</allowColumnReorder>
<existDependencyGenerateInDDl>true</existDependencyGenerateInDDl>
<parsed>true</parsed>
<columns itemClass="oracle.dbtools.crest.model.design.relational.Column">
<Column name="fecha_sesion" id="DA259BD9-F661-1758-05A4-01CE04DF8F11">
<createdBy>lgutierrez</createdBy>
<createdTime>2024-10-08 00:47:04 UTC</createdTime>
<generatorID>AFE09045-B715-DA53-ED47-03574E067119</generatorID>
<ownerDesignName>academias</ownerDesignName>
<useDomainConstraints>false</useDomainConstraints>
<use>1</use>
<logicalDatatype>LOGDT007</logicalDatatype>
<ownDataTypeParameters>,,</ownDataTypeParameters>
<autoIncrementCycle>false</autoIncrementCycle>
</Column>
<Column name="hora_inicio" id="D23561DB-50C1-478B-D32A-EA5340ADBCC9">
<createdBy>lgutierrez</createdBy>
<createdTime>2024-10-08 00:47:04 UTC</createdTime>
<generatorID>F2C23D24-B571-A4FC-51DD-3FD2AB2523C4</generatorID>
<ownerDesignName>academias</ownerDesignName>
<useDomainConstraints>false</useDomainConstraints>
<use>1</use>
<logicalDatatype>LOGDT014</logicalDatatype>
<ownDataTypeParameters>,,</ownDataTypeParameters>
<autoIncrementCycle>false</autoIncrementCycle>
</Column>
<Column name="hora_termino" id="2330C19C-BAAC-711A-CC85-B2BA6211830A">
<createdBy>lgutierrez</createdBy>
<createdTime>2024-10-08 00:47:04 UTC</createdTime>
<generatorID>DA412AD0-240E-6CFE-4E23-A137B0CA2DF8</generatorID>
<ownerDesignName>academias</ownerDesignName>
<useDomainConstraints>false</useDomainConstraints>
<use>1</use>
<logicalDatatype>LOGDT014</logicalDatatype>
<ownDataTypeParameters>,,</ownDataTypeParameters>
<autoIncrementCycle>false</autoIncrementCycle>
</Column>
<Column name="PROFESOR_rut_profesor" id="D94C3BDE-E2F5-A4C6-4B40-3EF88136FBFA">
<createdBy>lgutierrez</createdBy>
<createdTime>2024-10-08 00:47:04 UTC</createdTime>
<generatorID>5AB61D27-1EE8-1853-7D7A-FAD1A4C83DCE</generatorID>
<ownerDesignName>academias</ownerDesignName>
<useDomainConstraints>false</useDomainConstraints>
<use>1</use>
<logicalDatatype>LOGDT024</logicalDatatype>
<dataTypeSize>12</dataTypeSize>
<ownDataTypeParameters>,,</ownDataTypeParameters>
<previousColumn>false</previousColumn>
<autoIncrementCycle>false</autoIncrementCycle>
<associations>
<colAssociation fkAssociation="1D6CA54C-DBFE-CB67-9A76-E3CA3DC203D1" referredColumn="DFC65459-9E14-2B0F-F52D-CEB1D07F73B4"/>
</associations>
</Column>
<Column name="SECCION_id_seccion" id="8C92A099-9770-1235-C113-10662E55DC8F">
<createdBy>lgutierrez</createdBy>
<createdTime>2024-10-08 00:47:04 UTC</createdTime>
<generatorID>977CAEFD-FC96-D381-569A-C001047CEB19</generatorID>
<ownerDesignName>academias</ownerDesignName>
<useDomainConstraints>false</useDomainConstraints>
<use>1</use>
<logicalDatatype>LOGDT011</logicalDatatype>
<ownDataTypeParameters>,,</ownDataTypeParameters>
<previousColumn>false</previousColumn>
<autoIncrementCycle>false</autoIncrementCycle>
<associations>
<colAssociation fkAssociation="B21A58E6-8585-FD89-B5A3-B4EEB2E09E77" referredColumn="C97732FF-294C-BB27-5092-1005E0F3FE1A"/>
</associations>
</Column>
<Column name="SALA_sala" id="E5EE91BD-59CD-C94C-9433-5A663DFE22C6">
<createdBy>lgutierrez</createdBy>
<createdTime>2024-10-08 00:47:04 UTC</createdTime>
<generatorID>66099B5F-558E-F676-E9DA-4B78E37F3292</generatorID>
<ownerDesignName>academias</ownerDesignName>
<useDomainConstraints>false</useDomainConstraints>
<use>1</use>
<logicalDatatype>LOGDT024</logicalDatatype>
<dataTypeSize>20 BYTE</dataTypeSize>
<ownDataTypeParameters>,,</ownDataTypeParameters>
<previousColumn>false</previousColumn>
<autoIncrementCycle>false</autoIncrementCycle>
<associations>
<colAssociation fkAssociation="EB0915D4-E3D5-BAD4-C24A-85605C0638E4" referredColumn="B6C0117E-E058-5F17-7547-68BC7C5EF1F6"/>
</associations>
</Column>
</columns>
<indexes itemClass="oracle.dbtools.crest.model.design.relational.Index">
<ind_PK_UK id="9D55E2C8-01DE-B03B-F2B8-6595B4D986CE" name="PROGRAMACION_PK">
<createdBy>lgutierrez</createdBy>
<createdTime>2024-10-08 00:47:04 UTC</createdTime>
<generatorID>D4795669-2692-FC17-EE7B-50CB8074A0A3</generatorID>
<ownerDesignName>academias</ownerDesignName>
<pk>true</pk>
<indexState>Primary Constraint</indexState>
<isSurrogateKey>false</isSurrogateKey>
</ind_PK_UK>
<ind_PK_UK id="A1E420B1-55A5-579B-A468-79D5B44B345A" name="PROGRAMACION_PROFESOR_FK">
<createdBy>lgutierrez</createdBy>
<createdTime>2024-10-08 00:47:04 UTC</createdTime>
<generatorID>E57C8360-97FA-07A4-0B7A-0BA0CB59A61D</generatorID>
<ownerDesignName>academias</ownerDesignName>
<indexState>Foreign Key</indexState>
<isSurrogateKey>false</isSurrogateKey>
<indexColumnUsage>
<colUsage columnID="D94C3BDE-E2F5-A4C6-4B40-3EF88136FBFA"/>
</indexColumnUsage>
</ind_PK_UK>
<ind_PK_UK id="60F3C790-978E-3045-A1D0-4FC17BE16B3B" name="PROGRAMACION_SALA_FK">
<createdBy>lgutierrez</createdBy>
<createdTime>2024-10-08 00:47:04 UTC</createdTime>
<generatorID>54325519-F48D-2EC2-6AE1-85080B226F35</generatorID>
<ownerDesignName>academias</ownerDesignName>
<indexState>Foreign Key</indexState>
<isSurrogateKey>false</isSurrogateKey>
<indexColumnUsage>
<colUsage columnID="E5EE91BD-59CD-C94C-9433-5A663DFE22C6"/>
</indexColumnUsage>
</ind_PK_UK>
<ind_PK_UK id="B3FA074C-A0DD-EFF7-51B3-4EAB0CAB6B61" name="PROGRAMACION_SECCION_FK">
<createdBy>lgutierrez</createdBy>
<createdTime>2024-10-08 00:47:04 UTC</createdTime>
<generatorID>AC4F4B43-1A94-70A9-8C54-AE751DBEC06F</generatorID>
<ownerDesignName>academias</ownerDesignName>
<indexState>Foreign Key</indexState>
<isSurrogateKey>false</isSurrogateKey>
<indexColumnUsage>
<colUsage columnID="8C92A099-9770-1235-C113-10662E55DC8F"/>
</indexColumnUsage>
</ind_PK_UK>
</indexes>
</Table>