<?xml version = '1.0' encoding = 'UTF-8'?>
<Table class="oracle.dbtools.crest.model.design.relational.Table" directorySegmentName="seg_0" id="A95EA7AA-E197-2149-2CCE-63B18C80AEE0" name="MATRICULA">
<createdBy>lgutierrez</createdBy>
<createdTime>2024-10-08 00:47:04 UTC</createdTime>
<ownerDesignName>academias</ownerDesignName>
<allowColumnReorder>false</allowColumnReorder>
<existDependencyGenerateInDDl>true</existDependencyGenerateInDDl>
<parsed>true</parsed>
<columns itemClass="oracle.dbtools.crest.model.design.relational.Column">
<Column name="ALUMNO_rut_alumno" id="1168A3EF-3328-DD50-FAE0-77751BE04F2A">
<createdBy>lgutierrez</createdBy>
<createdTime>2024-10-08 00:47:04 UTC</createdTime>
<ownerDesignName>academias</ownerDesignName>
<useDomainConstraints>false</useDomainConstraints>
<use>1</use>
<logicalDatatype>LOGDT024</logicalDatatype>
<dataTypeSize>12 BYTE</dataTypeSize>
<ownDataTypeParameters>,,</ownDataTypeParameters>
<previousColumn>false</previousColumn>
<autoIncrementCycle>false</autoIncrementCycle>
<associations>
<colAssociation fkAssociation="01D92413-3AE6-6616-E1CE-FA0D13AFCEC8" referredColumn="5C69DF74-22A4-F33D-0257-33C7F151AF31"/>
</associations>
</Column>
<Column name="ACADEMIA_rut_academia" id="7444BE73-4C9B-8DFF-8512-D25ECB65E325">
<createdBy>lgutierrez</createdBy>
<createdTime>2024-10-08 00:47:04 UTC</createdTime>
<ownerDesignName>academias</ownerDesignName>
<useDomainConstraints>false</useDomainConstraints>
<use>1</use>
<logicalDatatype>LOGDT024</logicalDatatype>
<dataTypeSize>12 BYTE</dataTypeSize>
<ownDataTypeParameters>,,</ownDataTypeParameters>
<previousColumn>false</previousColumn>
<autoIncrementCycle>false</autoIncrementCycle>
<associations>
<colAssociation fkAssociation="C27AC560-79CF-DCAA-46FE-B279C552D7B2" referredColumn="1A53D517-48C5-5B61-3EE4-746563CC3092"/>
</associations>
</Column>
</columns>
<indexes itemClass="oracle.dbtools.crest.model.design.relational.Index">
<ind_PK_UK id="E7CF77AF-8098-FEE7-57AD-BE62701F9664" name="Relation_14_PK">
<createdBy>lgutierrez</createdBy>
<createdTime>2024-10-08 00:47:04 UTC</createdTime>
<ownerDesignName>academias</ownerDesignName>
<pk>true</pk>
<indexState>Primary Constraint</indexState>
<isSurrogateKey>false</isSurrogateKey>
<indexColumnUsage>
<colUsage columnID="1168A3EF-3328-DD50-FAE0-77751BE04F2A"/>
<colUsage columnID="7444BE73-4C9B-8DFF-8512-D25ECB65E325"/>
</indexColumnUsage>
</ind_PK_UK>
<ind_PK_UK id="B1C17565-F4B1-E8BB-3E3C-270E2E74CB0C" name="Relation_14_ALUMNO_FK">
<createdBy>lgutierrez</createdBy>
<createdTime>2024-10-08 00:47:04 UTC</createdTime>
<generatorID>5FF1C7B7-8C9C-9F97-8090-905808EFC4D5</generatorID>
<ownerDesignName>academias</ownerDesignName>
<indexState>Foreign Key</indexState>
<isSurrogateKey>false</isSurrogateKey>
<indexColumnUsage>
<colUsage columnID="1168A3EF-3328-DD50-FAE0-77751BE04F2A"/>
</indexColumnUsage>
</ind_PK_UK>
<ind_PK_UK id="56F7F7F4-EDD7-B8A9-61D0-C76E8B1D9C7C" name="Relation_14_ACADEMIA_FK">
<createdBy>lgutierrez</createdBy>
<createdTime>2024-10-08 00:47:04 UTC</createdTime>
<generatorID>5FF1C7B7-8C9C-9F97-8090-905808EFC4D5</generatorID>
<ownerDesignName>academias</ownerDesignName>
<indexState>Foreign Key</indexState>
<isSurrogateKey>false</isSurrogateKey>
<indexColumnUsage>
<colUsage columnID="7444BE73-4C9B-8DFF-8512-D25ECB65E325"/>
</indexColumnUsage>
</ind_PK_UK>
</indexes>
</Table>