<?xml version = '1.0' encoding = 'UTF-8'?>
<Table class="oracle.dbtools.crest.model.design.relational.Table" directorySegmentName="seg_0" id="AAA4345F-53E2-8605-0A83-963D2EB074F9" name="INSCRIPCION">
<createdBy>lgutierrez</createdBy>
<createdTime>2024-10-08 00:47:04 UTC</createdTime>
<ownerDesignName>academias</ownerDesignName>
<allowColumnReorder>false</allowColumnReorder>
<existDependencyGenerateInDDl>true</existDependencyGenerateInDDl>
<parsed>true</parsed>
<columns itemClass="oracle.dbtools.crest.model.design.relational.Column">
<Column name="ALUMNO_rut_alumno" id="D1202CE7-E187-44B3-74C2-1F0D13FE2B44">
<createdBy>lgutierrez</createdBy>
<createdTime>2024-10-08 00:47:04 UTC</createdTime>
<ownerDesignName>academias</ownerDesignName>
<useDomainConstraints>false</useDomainConstraints>
<use>1</use>
<logicalDatatype>LOGDT024</logicalDatatype>
<dataTypeSize>12 BYTE</dataTypeSize>
<ownDataTypeParameters>,,</ownDataTypeParameters>
<previousColumn>false</previousColumn>
<autoIncrementCycle>false</autoIncrementCycle>
<associations>
<colAssociation fkAssociation="D972C25E-2C36-4B11-033D-4BB4E87CC241" referredColumn="5C69DF74-22A4-F33D-0257-33C7F151AF31"/>
</associations>
</Column>
<Column name="SECCION_id_seccion" id="D5E5B136-4005-49C5-BEF5-0358158B1AB2">
<createdBy>lgutierrez</createdBy>
<createdTime>2024-10-08 00:47:04 UTC</createdTime>
<ownerDesignName>academias</ownerDesignName>
<useDomainConstraints>false</useDomainConstraints>
<use>1</use>
<logicalDatatype>LOGDT011</logicalDatatype>
<ownDataTypeParameters>,,</ownDataTypeParameters>
<previousColumn>false</previousColumn>
<autoIncrementCycle>false</autoIncrementCycle>
<associations>
<colAssociation fkAssociation="B4225476-D324-2265-6DEC-3ABE8B0C08C1" referredColumn="C97732FF-294C-BB27-5092-1005E0F3FE1A"/>
</associations>
</Column>
</columns>
<indexes itemClass="oracle.dbtools.crest.model.design.relational.Index">
<ind_PK_UK id="42F5B933-F0F0-A8F6-7879-65D66E777AA6" name="Relation_11_PK">
<createdBy>lgutierrez</createdBy>
<createdTime>2024-10-08 00:47:04 UTC</createdTime>
<ownerDesignName>academias</ownerDesignName>
<pk>true</pk>
<indexState>Primary Constraint</indexState>
<isSurrogateKey>false</isSurrogateKey>
<indexColumnUsage>
<colUsage columnID="D1202CE7-E187-44B3-74C2-1F0D13FE2B44"/>
<colUsage columnID="D5E5B136-4005-49C5-BEF5-0358158B1AB2"/>
</indexColumnUsage>
</ind_PK_UK>
<ind_PK_UK id="1EC62E29-20FF-0043-EF38-C1F1EE943E50" name="Relation_11_ALUMNO_FK">
<createdBy>lgutierrez</createdBy>
<createdTime>2024-10-08 00:47:04 UTC</createdTime>
<generatorID>183CB7A2-D30B-9040-35D4-E1C03BE2325F</generatorID>
<ownerDesignName>academias</ownerDesignName>
<indexState>Foreign Key</indexState>
<isSurrogateKey>false</isSurrogateKey>
<indexColumnUsage>
<colUsage columnID="D1202CE7-E187-44B3-74C2-1F0D13FE2B44"/>
</indexColumnUsage>
</ind_PK_UK>
<ind_PK_UK id="1E15B9A6-594C-A67F-3D85-BF57A7A4EBA0" name="Relation_11_SECCION_FK">
<createdBy>lgutierrez</createdBy>
<createdTime>2024-10-08 00:47:04 UTC</createdTime>
<generatorID>183CB7A2-D30B-9040-35D4-E1C03BE2325F</generatorID>
<ownerDesignName>academias</ownerDesignName>
<indexState>Foreign Key</indexState>
<isSurrogateKey>false</isSurrogateKey>
<indexColumnUsage>
<colUsage columnID="D5E5B136-4005-49C5-BEF5-0358158B1AB2"/>
</indexColumnUsage>
</ind_PK_UK>
</indexes>
</Table>