<?xml version = '1.0' encoding = 'UTF-8'?>
<Table class="oracle.dbtools.crest.model.design.relational.Table" directorySegmentName="seg_0" id="B4D38466-B086-F8A4-6866-72ECC0297D66" name="SECCION">
<createdBy>lgutierrez</createdBy>
<createdTime>2024-10-08 00:47:04 UTC</createdTime>
<generatorID>C459165A-2AF8-DBBC-9CDC-9E3C88D0FBAF</generatorID>
<ownerDesignName>academias</ownerDesignName>
<allowColumnReorder>false</allowColumnReorder>
<existDependencyGenerateInDDl>true</existDependencyGenerateInDDl>
<parsed>true</parsed>
<columns itemClass="oracle.dbtools.crest.model.design.relational.Column">
<Column name="id_seccion" id="C97732FF-294C-BB27-5092-1005E0F3FE1A">
<createdBy>lgutierrez</createdBy>
<createdTime>2024-10-08 00:47:04 UTC</createdTime>
<generatorID>E5CA1EEA-192F-85E1-7444-6416E911C0B4</generatorID>
<ownerDesignName>academias</ownerDesignName>
<useDomainConstraints>false</useDomainConstraints>
<use>1</use>
<logicalDatatype>LOGDT011</logicalDatatype>
<ownDataTypeParameters>,,</ownDataTypeParameters>
<autoIncrementCycle>false</autoIncrementCycle>
</Column>
<Column name="anio" id="B154EE48-2379-E75E-9B23-410871BDBF9B">
<createdBy>lgutierrez</createdBy>
<createdTime>2024-10-08 00:47:04 UTC</createdTime>
<generatorID>CF4CE620-6D3A-46F1-4886-989FF1EAD976</generatorID>
<ownerDesignName>academias</ownerDesignName>
<useDomainConstraints>false</useDomainConstraints>
<use>1</use>
<logicalDatatype>LOGDT011</logicalDatatype>
<ownDataTypeParameters>,,</ownDataTypeParameters>
<autoIncrementCycle>false</autoIncrementCycle>
</Column>
<Column name="periodo_academico" id="C00AFC79-BD51-6E5C-9AF5-C4DA2D36BB28">
<createdBy>lgutierrez</createdBy>
<createdTime>2024-10-08 00:47:04 UTC</createdTime>
<generatorID>FAF7C74F-1F5D-3509-E014-0AAB9D7BDCF2</generatorID>
<ownerDesignName>academias</ownerDesignName>
<useDomainConstraints>false</useDomainConstraints>
<use>1</use>
<logicalDatatype>LOGDT011</logicalDatatype>
<ownDataTypeParameters>,,</ownDataTypeParameters>
<autoIncrementCycle>false</autoIncrementCycle>
</Column>
<Column name="CURSO_cod_curso" id="A4D9FBDB-37C6-0C4C-BF46-F38167FE990F">
<createdBy>lgutierrez</createdBy>
<createdTime>2024-10-08 00:47:04 UTC</createdTime>
<generatorID>B3D1ED48-6407-6D6D-5858-3929FB70D4E4</generatorID>
<ownerDesignName>academias</ownerDesignName>
<useDomainConstraints>false</useDomainConstraints>
<use>1</use>
<logicalDatatype>LOGDT024</logicalDatatype>
<dataTypeSize>10 BYTE</dataTypeSize>
<ownDataTypeParameters>,,</ownDataTypeParameters>
<previousColumn>false</previousColumn>
<autoIncrementCycle>false</autoIncrementCycle>
<associations>
<colAssociation fkAssociation="D692D754-A7E8-E0C7-95E3-75066298FFCC" referredColumn="336C8F33-9028-8A18-0DA0-AAF57D555FE4"/>
</associations>
</Column>
<Column name="CURSO_ACADEMIA_rut_academia" id="F023DD97-7395-9EAB-338B-221D7BC2BD6D">
<createdBy>lgutierrez</createdBy>
<createdTime>2024-10-08 00:47:04 UTC</createdTime>
<generatorID>B6C4E031-AD68-7192-7A30-1E9EA21527FE</generatorID>
<ownerDesignName>academias</ownerDesignName>
<useDomainConstraints>false</useDomainConstraints>
<use>1</use>
<logicalDatatype>LOGDT024</logicalDatatype>
<dataTypeSize>12 BYTE</dataTypeSize>
<ownDataTypeParameters>,,</ownDataTypeParameters>
<previousColumn>false</previousColumn>
<autoIncrementCycle>false</autoIncrementCycle>
<associations>
<colAssociation fkAssociation="D692D754-A7E8-E0C7-95E3-75066298FFCC" referredColumn="98B4EA6D-10FF-754C-B6D0-80652540FB28"/>
</associations>
</Column>
</columns>
<indexes itemClass="oracle.dbtools.crest.model.design.relational.Index">
<ind_PK_UK id="762BF3F7-144C-D90C-9CC4-2CBBDB0F6268" name="SECCION_PK">
<createdBy>lgutierrez</createdBy>
<createdTime>2024-10-08 00:47:04 UTC</createdTime>
<generatorID>420181BE-04F1-D32C-89F3-3567A37D8471</generatorID>
<ownerDesignName>academias</ownerDesignName>
<pk>true</pk>
<indexState>Primary Constraint</indexState>
<isSurrogateKey>false</isSurrogateKey>
<indexColumnUsage>
<colUsage columnID="C97732FF-294C-BB27-5092-1005E0F3FE1A"/>
</indexColumnUsage>
</ind_PK_UK>
<ind_PK_UK id="6C6AF0F8-7A46-427F-81ED-D46774782453" name="SECCION_CURSO_FK">
<createdBy>lgutierrez</createdBy>
<createdTime>2024-10-08 00:47:04 UTC</createdTime>
<generatorID>ADF3A944-1235-EB89-0686-2E9ED39604AE</generatorID>
<ownerDesignName>academias</ownerDesignName>
<indexState>Foreign Key</indexState>
<isSurrogateKey>false</isSurrogateKey>
<indexColumnUsage>
<colUsage columnID="A4D9FBDB-37C6-0C4C-BF46-F38167FE990F"/>
<colUsage columnID="F023DD97-7395-9EAB-338B-221D7BC2BD6D"/>
</indexColumnUsage>
</ind_PK_UK>
</indexes>
</Table>