<?xml version = '1.0' encoding = 'UTF-8'?>
<Table class="oracle.dbtools.crest.model.design.relational.Table" directorySegmentName="seg_0" id="D354B1DC-AC6E-BF48-1911-A15F5B35F27D" name="CURSO">
<createdBy>lgutierrez</createdBy>
<createdTime>2024-10-08 00:47:04 UTC</createdTime>
<generatorID>48BB579A-8147-84CB-21DA-0AB4CDC4EEAB</generatorID>
<ownerDesignName>academias</ownerDesignName>
<allowColumnReorder>false</allowColumnReorder>
<existDependencyGenerateInDDl>true</existDependencyGenerateInDDl>
<parsed>true</parsed>
<columns itemClass="oracle.dbtools.crest.model.design.relational.Column">
<Column name="cod_curso" id="336C8F33-9028-8A18-0DA0-AAF57D555FE4">
<createdBy>lgutierrez</createdBy>
<createdTime>2024-10-08 00:47:04 UTC</createdTime>
<generatorID>EB2A1C0B-EAB4-87EF-04F4-B3032E01587B</generatorID>
<ownerDesignName>academias</ownerDesignName>
<useDomainConstraints>false</useDomainConstraints>
<use>1</use>
<logicalDatatype>LOGDT024</logicalDatatype>
<dataTypeSize>10 BYTE</dataTypeSize>
<ownDataTypeParameters>10 BYTE,,</ownDataTypeParameters>
<autoIncrementCycle>false</autoIncrementCycle>
</Column>
<Column name="nombre_curso" id="7AED2820-7C6A-B806-C8E6-FC6F379F24BC">
<createdBy>lgutierrez</createdBy>
<createdTime>2024-10-08 00:47:04 UTC</createdTime>
<generatorID>41226B26-2ABE-B6DC-4766-A511B4BF3253</generatorID>
<ownerDesignName>academias</ownerDesignName>
<useDomainConstraints>false</useDomainConstraints>
<use>1</use>
<logicalDatatype>LOGDT024</logicalDatatype>
<dataTypeSize>100 BYTE</dataTypeSize>
<ownDataTypeParameters>100 BYTE,,</ownDataTypeParameters>
<autoIncrementCycle>false</autoIncrementCycle>
</Column>
<Column name="hrs_curso" id="A3B5A6DE-01D2-8925-2078-CC3E3735A333">
<createdBy>lgutierrez</createdBy>
<createdTime>2024-10-08 00:47:04 UTC</createdTime>
<generatorID>B5AA7CA5-649C-2C87-70C2-2DD1FE7A18DB</generatorID>
<ownerDesignName>academias</ownerDesignName>
<useDomainConstraints>false</useDomainConstraints>
<use>1</use>
<logicalDatatype>LOGDT011</logicalDatatype>
<ownDataTypeParameters>,,</ownDataTypeParameters>
<autoIncrementCycle>false</autoIncrementCycle>
</Column>
<Column name="ACADEMIA_rut_academia" id="98B4EA6D-10FF-754C-B6D0-80652540FB28">
<createdBy>lgutierrez</createdBy>
<createdTime>2024-10-08 00:47:04 UTC</createdTime>
<generatorID>DCF712B7-2CB9-F34D-3ADD-0EB30C00D4C6</generatorID>
<ownerDesignName>academias</ownerDesignName>
<useDomainConstraints>false</useDomainConstraints>
<use>1</use>
<logicalDatatype>LOGDT024</logicalDatatype>
<dataTypeSize>12 BYTE</dataTypeSize>
<ownDataTypeParameters>,,</ownDataTypeParameters>
<previousColumn>false</previousColumn>
<autoIncrementCycle>false</autoIncrementCycle>
<associations>
<colAssociation fkAssociation="EEDDCDA2-9405-8CBC-0838-15384ACFDF9F" referredColumn="1A53D517-48C5-5B61-3EE4-746563CC3092"/>
</associations>
</Column>
</columns>
<indexes itemClass="oracle.dbtools.crest.model.design.relational.Index">
<ind_PK_UK id="66E257DA-A759-F466-863A-068D6CFB0354" name="CURSO_PK">
<createdBy>lgutierrez</createdBy>
<createdTime>2024-10-08 00:47:04 UTC</createdTime>
<generatorID>A08C63BF-6EE6-AC8C-D25B-EDED0B052A2D</generatorID>
<ownerDesignName>academias</ownerDesignName>
<pk>true</pk>
<indexState>Primary Constraint</indexState>
<isSurrogateKey>false</isSurrogateKey>
<indexColumnUsage>
<colUsage columnID="336C8F33-9028-8A18-0DA0-AAF57D555FE4"/>
<colUsage columnID="98B4EA6D-10FF-754C-B6D0-80652540FB28"/>
</indexColumnUsage>
</ind_PK_UK>
<ind_PK_UK id="FABCD580-769D-5E06-D23C-5237ED7C3278" name="CURSO_ACADEMIA_FK">
<createdBy>lgutierrez</createdBy>
<createdTime>2024-10-08 00:47:04 UTC</createdTime>
<generatorID>9EBEE778-9E75-B946-A227-C7903EDDACA3</generatorID>
<ownerDesignName>academias</ownerDesignName>
<indexState>Foreign Key</indexState>
<isSurrogateKey>false</isSurrogateKey>
<indexColumnUsage>
<colUsage columnID="98B4EA6D-10FF-754C-B6D0-80652540FB28"/>
</indexColumnUsage>
</ind_PK_UK>
</indexes>
</Table>