<?xml version = '1.0' encoding = 'UTF-8'?>
<Table class="oracle.dbtools.crest.model.design.relational.Table" directorySegmentName="seg_0" id="FB2C16E6-E888-B5D6-9D48-B669BF47AB5A" name="ACADEMIA">
<createdBy>lgutierrez</createdBy>
<createdTime>2024-10-08 00:47:04 UTC</createdTime>
<generatorID>A0E49205-E2D0-59C3-D93C-7E08F30FB375</generatorID>
<ownerDesignName>academias</ownerDesignName>
<allowColumnReorder>false</allowColumnReorder>
<existDependencyGenerateInDDl>true</existDependencyGenerateInDDl>
<parsed>true</parsed>
<columns itemClass="oracle.dbtools.crest.model.design.relational.Column">
<Column name="rut_academia" id="1A53D517-48C5-5B61-3EE4-746563CC3092">
<createdBy>lgutierrez</createdBy>
<createdTime>2024-10-08 00:47:04 UTC</createdTime>
<generatorID>6558A3BC-741C-FBDC-4B88-29CB3AC48A1E</generatorID>
<ownerDesignName>academias</ownerDesignName>
<useDomainConstraints>false</useDomainConstraints>
<use>1</use>
<logicalDatatype>LOGDT024</logicalDatatype>
<dataTypeSize>12 BYTE</dataTypeSize>
<ownDataTypeParameters>12 BYTE,,</ownDataTypeParameters>
<autoIncrementCycle>false</autoIncrementCycle>
</Column>
<Column name="nombre_academia" id="F2B57978-80FC-A51E-A0B6-D44A66F0C977">
<createdBy>lgutierrez</createdBy>
<createdTime>2024-10-08 00:47:04 UTC</createdTime>
<generatorID>8C95816A-CB10-EC03-A7AC-CD747A2CCC33</generatorID>
<ownerDesignName>academias</ownerDesignName>
<useDomainConstraints>false</useDomainConstraints>
<use>1</use>
<logicalDatatype>LOGDT024</logicalDatatype>
<dataTypeSize>100 BYTE</dataTypeSize>
<ownDataTypeParameters>100 BYTE,,</ownDataTypeParameters>
<autoIncrementCycle>false</autoIncrementCycle>
</Column>
<Column name="tipo_academia" id="BCCAACB6-8F70-16C5-8605-E45911002C31">
<createdBy>lgutierrez</createdBy>
<createdTime>2024-10-08 00:47:04 UTC</createdTime>
<generatorID>877DD0AC-631C-1E8E-BD7F-B8448C5B7AED</generatorID>
<ownerDesignName>academias</ownerDesignName>
<useDomainConstraints>false</useDomainConstraints>
<use>1</use>
<logicalDatatype>LOGDT024</logicalDatatype>
<dataTypeSize>50 BYTE</dataTypeSize>
<ownDataTypeParameters>50 BYTE,,</ownDataTypeParameters>
<autoIncrementCycle>false</autoIncrementCycle>
</Column>
<Column name="sector_academia" id="4E6D464A-6BDB-DE79-F287-9CEB0B9E9F31">
<createdBy>lgutierrez</createdBy>
<createdTime>2024-10-08 00:47:04 UTC</createdTime>
<generatorID>BE32C684-BF7F-4A8E-1F45-FAD8904DA065</generatorID>
<ownerDesignName>academias</ownerDesignName>
<useDomainConstraints>false</useDomainConstraints>
<use>1</use>
<logicalDatatype>LOGDT024</logicalDatatype>
<dataTypeSize>200 BYTE</dataTypeSize>
<ownDataTypeParameters>200 BYTE,,</ownDataTypeParameters>
<autoIncrementCycle>false</autoIncrementCycle>
</Column>
<Column name="telefono" id="9A882D87-A299-D66F-512C-5E496CBB6E32">
<createdBy>lgutierrez</createdBy>
<createdTime>2024-10-08 00:47:04 UTC</createdTime>
<generatorID>CCE7B48E-3130-E092-2689-8DCBB039A3E5</generatorID>
<ownerDesignName>academias</ownerDesignName>
<useDomainConstraints>false</useDomainConstraints>
<use>1</use>
<logicalDatatype>LOGDT024</logicalDatatype>
<dataTypeSize>20 BYTE</dataTypeSize>
<ownDataTypeParameters>20 BYTE,,</ownDataTypeParameters>
<autoIncrementCycle>false</autoIncrementCycle>
</Column>
<Column name="correo" id="CBB56426-DF73-228F-94E8-BC46BB8249D4">
<createdBy>lgutierrez</createdBy>
<createdTime>2024-10-08 00:47:04 UTC</createdTime>
<generatorID>BBF9EDF9-00B8-5DF8-65FD-3828D9C7E496</generatorID>
<ownerDesignName>academias</ownerDesignName>
<useDomainConstraints>false</useDomainConstraints>
<use>1</use>
<logicalDatatype>LOGDT024</logicalDatatype>
<dataTypeSize>100 BYTE</dataTypeSize>
<ownDataTypeParameters>100 BYTE,,</ownDataTypeParameters>
<autoIncrementCycle>false</autoIncrementCycle>
</Column>
<Column name="banco" id="3AF5366B-76A2-7E93-0DBF-260FA5C54788">
<createdBy>lgutierrez</createdBy>
<createdTime>2024-10-08 00:47:04 UTC</createdTime>
<generatorID>B51B2D0E-5EEE-086F-D6B0-4329AA468126</generatorID>
<ownerDesignName>academias</ownerDesignName>
<useDomainConstraints>false</useDomainConstraints>
<use>1</use>
<logicalDatatype>LOGDT024</logicalDatatype>
<dataTypeSize>100 BYTE</dataTypeSize>
<ownDataTypeParameters>100 BYTE,,</ownDataTypeParameters>
<autoIncrementCycle>false</autoIncrementCycle>
</Column>
<Column name="tipo_cuenta" id="3DFAB146-ECE1-18C3-B55B-20DD925521E3">
<createdBy>lgutierrez</createdBy>
<createdTime>2024-10-08 00:47:04 UTC</createdTime>
<generatorID>88063B66-4819-B2E1-1986-12EE3D57E6A4</generatorID>
<ownerDesignName>academias</ownerDesignName>
<useDomainConstraints>false</useDomainConstraints>
<use>1</use>
<logicalDatatype>LOGDT024</logicalDatatype>
<dataTypeSize>20 BYTE</dataTypeSize>
<ownDataTypeParameters>20 BYTE,,</ownDataTypeParameters>
<autoIncrementCycle>false</autoIncrementCycle>
</Column>
<Column name="numero_cuenta" id="268EBB3F-306B-6B26-ACD2-B118FED08739">
<createdBy>lgutierrez</createdBy>
<createdTime>2024-10-08 00:47:04 UTC</createdTime>
<generatorID>129E5E87-64CB-7399-7665-BBC3FAF3BC7E</generatorID>
<ownerDesignName>academias</ownerDesignName>
<useDomainConstraints>false</useDomainConstraints>
<use>1</use>
<logicalDatatype>LOGDT011</logicalDatatype>
<ownDataTypeParameters>,,</ownDataTypeParameters>
<autoIncrementCycle>false</autoIncrementCycle>
</Column>
<Column name="titular_cuenta" id="9D0A176A-D776-E75B-3AE4-31E887BE0BBE">
<createdBy>lgutierrez</createdBy>
<createdTime>2024-10-08 00:47:04 UTC</createdTime>
<generatorID>043E635D-A259-37AC-D90B-D430113581EB</generatorID>
<ownerDesignName>academias</ownerDesignName>
<useDomainConstraints>false</useDomainConstraints>
<use>1</use>
<logicalDatatype>LOGDT024</logicalDatatype>
<dataTypeSize>100 BYTE</dataTypeSize>
<ownDataTypeParameters>100 BYTE,,</ownDataTypeParameters>
<autoIncrementCycle>false</autoIncrementCycle>
</Column>
<Column name="DIRECCION_DIRECCION_ID" id="5F887106-F35D-3EF1-A3A7-4827AACE0F66">
<createdBy>lgutierrez</createdBy>
<createdTime>2024-10-08 00:47:04 UTC</createdTime>
<ownerDesignName>academias</ownerDesignName>
<useDomainConstraints>false</useDomainConstraints>
<use>1</use>
<logicalDatatype>LOGDT019</logicalDatatype>
<ownDataTypeParameters>,,</ownDataTypeParameters>
<previousColumn>false</previousColumn>
<autoIncrementCycle>false</autoIncrementCycle>
<associations>
<colAssociation fkAssociation="717484E9-830E-D4AA-BDDD-500C6E053618" referredColumn="7FB21D36-4907-2BB5-23F5-10772111C58C"/>
</associations>
</Column>
</columns>
<indexes itemClass="oracle.dbtools.crest.model.design.relational.Index">
<ind_PK_UK id="5A16DEB4-D182-04EB-1805-5A092BBB3E56" name="ACADEMIA_PK">
<createdBy>lgutierrez</createdBy>
<createdTime>2024-10-08 00:47:04 UTC</createdTime>
<generatorID>BB45C3B0-B842-DE6F-7811-0C60477BB76E</generatorID>
<ownerDesignName>academias</ownerDesignName>
<pk>true</pk>
<indexState>Primary Constraint</indexState>
<isSurrogateKey>false</isSurrogateKey>
<indexColumnUsage>
<colUsage columnID="1A53D517-48C5-5B61-3EE4-746563CC3092"/>
</indexColumnUsage>
</ind_PK_UK>
<ind_PK_UK id="3A1DF88C-C438-BC67-0D1A-256FCBD86B75" name="ACADEMIA_DIRECCION_FK">
<createdBy>lgutierrez</createdBy>
<createdTime>2024-10-08 00:47:04 UTC</createdTime>
<generatorID>CE802C8D-BF19-818C-3E42-B9CCB2C90B60</generatorID>
<ownerDesignName>academias</ownerDesignName>
<indexState>Foreign Key</indexState>
<isSurrogateKey>false</isSurrogateKey>
<indexColumnUsage>
<colUsage columnID="5F887106-F35D-3EF1-A3A7-4827AACE0F66"/>
</indexColumnUsage>
</ind_PK_UK>
</indexes>
</Table>