<?xml version = '1.0' encoding = 'UTF-8'?>
<relationalModel class="oracle.dbtools.crest.model.design.relational.RelationalDesign" name="Relational_1" id="DABDFF08-CCAA-5E31-3DBD-C3940DE1182C" mainViewID="71397469-B225-152D-5EFB-D9A9AF821F16">
<createdBy>lgutierrez</createdBy>
<createdTime>2024-10-07 22:00:48 UTC</createdTime>
<ownerDesignName>academias</ownerDesignName>
<shouldBeOpen>false</shouldBeOpen>
<selectedRDBMSSite>32076570-2523-435C-2E92-BF29817DFF70</selectedRDBMSSite>
</relationalModel>